{"train_epochs": 2000, "pred_items": 10000000, "train_times": {}, "pred_times": [{"torch.nn.modules.dropout.Dropout2d": 0.010319187000050078, "torch.nn.modules.dropout.Dropout": 0.009015995000027033, "torch.nn.modules.activation.Sigmoid": 3.852033729000027, "torch.nn.modules.activation.Hardtanh": 3.851012190000006, "torch.nn.modules.activation.ReLU": 3.276439790999916, "torch.nn.modules.activation.RReLU": 3.2761549279999826, "torch.nn.modules.activation.Hardshrink": 3.2767702410000084, "torch.nn.modules.activation.ReLU6": 3.2771934570000667, "torch.nn.modules.dropout.Dropout3d": 1.640063658000031, "torch.nn.modules.activation.GELU": 3.7296554680000327, "torch.nn.modules.activation.LeakyReLU": 3.8694985079999924, "torch.nn.modules.activation.ELU": 3.2810946289999947, "torch.nn.modules.dropout.AlphaDropout": 1.6366355080000403, "torch.nn.modules.activation.Tanhshrink": 5.829904174000035, "torch.nn.modules.activation.CELU": 2.8329631870000185, "torch.nn.modules.activation.LogSigmoid": 3.1544274809999706, "torch.nn.modules.activation.SELU": 3.5126560719999134, "torch.nn.modules.activation.Softsign": 5.998657150000099, "torch.nn.modules.activation.LogSoftmax": 2.380578335999985, "torch.nn.modules.activation.Softplus": 3.033297048999998, "torch.nn.modules.linear.Identity": 1.6548596750000115, "torch.nn.modules.activation.Tanh": 3.7780573149999555, "torch.nn.modules.activation.Softshrink": 3.954164651000042, "torch.nn.modules.activation.Softmax": 3.3139623060000076, "torch.nn.modules.activation.Softmin": 4.78487716099994, "torch.nn.modules.activation.PReLU": 2.6145761970000194}, {"torch.nn.modules.activation.Softplus": 3.0936756259999356, "torch.nn.modules.activation.GELU": 3.320080906000044, "torch.nn.modules.activation.ReLU6": 3.3105013399999734, "torch.nn.modules.activation.Hardshrink": 3.283751336000023, "torch.nn.modules.activation.RReLU": 3.2736462740000434, "torch.nn.modules.activation.LeakyReLU": 3.2760576350000292, "torch.nn.modules.dropout.AlphaDropout": 1.6372812759999533, "torch.nn.modules.activation.Softmax": 3.7255980420000014, "torch.nn.modules.activation.SELU": 3.873267210999984, "torch.nn.modules.activation.ReLU": 3.28328749100001, "torch.nn.modules.activation.PReLU": 3.2739844180000546, "torch.nn.modules.activation.LogSigmoid": 3.275287798000022, "torch.nn.modules.activation.Softsign": 6.23684475999994, "torch.nn.modules.dropout.Dropout3d": 1.189742735999971, "torch.nn.modules.activation.Softmin": 5.082185817999971, "torch.nn.modules.activation.Tanhshrink": 3.961523666000062, "torch.nn.modules.dropout.Dropout": 1.4271213189999798, "torch.nn.modules.activation.Hardtanh": 3.3780102120000493, "torch.nn.modules.activation.ELU": 3.8525379249999787, "torch.nn.modules.dropout.Dropout2d": 1.637740870000016, "torch.nn.modules.activation.LogSoftmax": 3.726288818999933, "torch.nn.modules.activation.Tanh": 3.862139076999938, "torch.nn.modules.linear.Identity": 1.6715970290000541, "torch.nn.modules.activation.Softshrink": 3.8376025899999604, "torch.nn.modules.activation.Sigmoid": 3.8503767039999275, "torch.nn.modules.activation.CELU": 3.2753708090000373}, {"torch.nn.modules.activation.LogSigmoid": 3.2733532370000376, "torch.nn.modules.dropout.Dropout2d": 1.709583189, "torch.nn.modules.linear.Identity": 1.8023902510000198, "torch.nn.modules.activation.ReLU": 4.851685868000004, "torch.nn.modules.activation.Sigmoid": 3.851780686999973, "torch.nn.modules.activation.Hardshrink": 3.2730287169999883, "torch.nn.modules.activation.Softmax": 3.273108406999995, "torch.nn.modules.activation.SELU": 3.2996854369999937, "torch.nn.modules.activation.Softmin": 4.760215325000104, "torch.nn.modules.dropout.Dropout3d": 1.317640042999983, "torch.nn.modules.activation.Hardtanh": 3.208086496999954, "torch.nn.modules.activation.GELU": 3.853821974000084, "torch.nn.modules.activation.LogSoftmax": 3.2940735199999835, "torch.nn.modules.activation.PReLU": 3.290314609999996, "torch.nn.modules.activation.Tanhshrink": 4.804525862999981, "torch.nn.modules.activation.RReLU": 2.83215326200002, "torch.nn.modules.activation.Softplus": 3.1570416219999515, "torch.nn.modules.activation.ReLU6": 3.324428897999951, "torch.nn.modules.activation.Softsign": 5.928368460999991, "torch.nn.modules.activation.ELU": 2.3797764099999767, "torch.nn.modules.dropout.AlphaDropout": 1.386180227000068, "torch.nn.modules.activation.LeakyReLU": 3.7260710859999335, "torch.nn.modules.activation.CELU": 3.8507965310000145, "torch.nn.modules.activation.Softshrink": 3.2723785819999875, "torch.nn.modules.activation.Tanh": 3.2722519530000227, "torch.nn.modules.dropout.Dropout": 1.6682673560000012}], "device": "cuda", "test_chunk_size": 100000, "runs": 3, "outprefix": "dc_gpu", "parameters": {"test_size_cap": 100000, "track_impact": false, "train_epochs": 2000, "runs": 3, "device": "cuda", "outprefix": "dc_gpu", "scale": 7}, "hardware_name": "Tesla P100-PCIE-16GB", "started_at": "Mon Jun  8 14:43:43 2020 UTC"}