{"train_epochs": 2000, "pred_items": 100000000, "train_times": {"torch.nn.modules.activation.ReLU": 13.122043228999985, "torch.nn.modules.activation.ELU": 3.5334081580000145, "torch.nn.modules.activation.Hardshrink": 3.6060643579999976, "torch.nn.modules.activation.Hardtanh": 3.5551438900000107, "torch.nn.modules.activation.LeakyReLU": 3.5480891290000045, "torch.nn.modules.activation.LogSigmoid": 3.64725715900002, "torch.nn.modules.activation.PReLU": 5.744629512999978, "torch.nn.modules.activation.ReLU6": 3.5626555000000053, "torch.nn.modules.activation.RReLU": 4.245771171000001, "torch.nn.modules.activation.SELU": 3.5618648149999785, "torch.nn.modules.activation.CELU": 3.519360244000012, "torch.nn.modules.activation.GELU": 3.5183024629999977, "torch.nn.modules.activation.Sigmoid": 3.5311807410000142, "torch.nn.modules.activation.Softplus": 3.5921733160000144, "torch.nn.modules.activation.Softshrink": 3.5581471129999898, "torch.nn.modules.activation.Softsign": 4.802138997000014, "torch.nn.modules.activation.Tanh": 3.517194111000009, "torch.nn.modules.activation.Tanhshrink": 4.3103413580000165, "torch.nn.modules.activation.Softmin": 4.216442691999987, "torch.nn.modules.activation.Softmax": 3.8421532290000187, "torch.nn.modules.activation.LogSoftmax": 3.6827447530000086, "torch.nn.modules.linear.Identity": 3.205409727000017, "torch.nn.modules.dropout.Dropout": 3.662938667999981, "torch.nn.modules.dropout.Dropout2d": 3.9325484139999958, "torch.nn.modules.dropout.Dropout3d": 3.9369522840000286, "torch.nn.modules.dropout.AlphaDropout": 4.459078089999991}, "pred_times": [{"torch.nn.modules.linear.Identity": 20.14763843000003, "torch.nn.modules.activation.Sigmoid": 35.76267757800002, "torch.nn.modules.activation.Tanh": 34.326231775, "torch.nn.modules.dropout.Dropout2d": 24.510879594000016, "torch.nn.modules.activation.LogSoftmax": 35.88748124799997, "torch.nn.modules.activation.SELU": 33.10372290999999, "torch.nn.modules.activation.PReLU": 33.08815001199997, "torch.nn.modules.activation.Softshrink": 33.08106752499998, "torch.nn.modules.activation.Hardtanh": 33.11987903499994, "torch.nn.modules.dropout.AlphaDropout": 24.33646038500001, "torch.nn.modules.dropout.Dropout3d": 27.00844951399995, "torch.nn.modules.activation.Softsign": 51.79818134499999, "torch.nn.modules.activation.Tanhshrink": 42.14918763500009, "torch.nn.modules.activation.ELU": 32.511364884000045, "torch.nn.modules.activation.Hardshrink": 33.078465661999985, "torch.nn.modules.activation.ReLU": 33.08611345099996, "torch.nn.modules.activation.RReLU": 33.12273054700006, "torch.nn.modules.activation.CELU": 33.086218927999994, "torch.nn.modules.activation.Softmin": 40.32496733000005, "torch.nn.modules.activation.GELU": 32.464778604, "torch.nn.modules.activation.Softmax": 33.40341097999999, "torch.nn.modules.activation.Softplus": 33.68814807299998, "torch.nn.modules.activation.ReLU6": 33.20266192600002, "torch.nn.modules.activation.LeakyReLU": 33.08260852600006, "torch.nn.modules.activation.LogSigmoid": 35.97214727300002, "torch.nn.modules.dropout.Dropout": 24.75997349299996}, {"torch.nn.modules.activation.RReLU": 35.80589295499999, "torch.nn.modules.activation.Softplus": 33.656683336000015, "torch.nn.modules.linear.Identity": 24.419512834999978, "torch.nn.modules.activation.LogSigmoid": 38.652226704999975, "torch.nn.modules.activation.PReLU": 33.51210197199998, "torch.nn.modules.activation.GELU": 33.32064012899991, "torch.nn.modules.activation.Softmin": 40.3622390569999, "torch.nn.modules.activation.ReLU": 32.23815073999981, "torch.nn.modules.dropout.Dropout3d": 24.3348249820001, "torch.nn.modules.activation.Sigmoid": 35.76500238899985, "torch.nn.modules.activation.Softshrink": 33.081672805999915, "torch.nn.modules.activation.SELU": 33.09119065300001, "torch.nn.modules.activation.Tanh": 34.33408700799987, "torch.nn.modules.activation.ReLU6": 33.30398864699987, "torch.nn.modules.activation.Softsign": 49.12386883299996, "torch.nn.modules.activation.Hardtanh": 31.956886712999903, "torch.nn.modules.dropout.Dropout2d": 24.338637570000174, "torch.nn.modules.activation.Tanhshrink": 45.999555911000016, "torch.nn.modules.activation.LeakyReLU": 32.50301835900018, "torch.nn.modules.activation.CELU": 33.079146880999815, "torch.nn.modules.activation.ELU": 33.086871125000016, "torch.nn.modules.activation.LogSoftmax": 33.20879511099997, "torch.nn.modules.dropout.AlphaDropout": 24.347387821999973, "torch.nn.modules.activation.Softmax": 36.05199885600018, "torch.nn.modules.activation.Hardshrink": 33.124465885999825, "torch.nn.modules.dropout.Dropout": 24.335530775999814}, {"torch.nn.modules.linear.Identity": 27.0164328379999, "torch.nn.modules.activation.Hardtanh": 35.800960212999826, "torch.nn.modules.activation.Tanh": 34.336439763999806, "torch.nn.modules.activation.LogSigmoid": 36.1517164400002, "torch.nn.modules.activation.LogSoftmax": 33.63184480500013, "torch.nn.modules.activation.Softmin": 40.34645795900042, "torch.nn.modules.dropout.Dropout": 23.481342291000146, "torch.nn.modules.activation.LeakyReLU": 35.7593568379998, "torch.nn.modules.activation.ELU": 33.08504669000013, "torch.nn.modules.activation.GELU": 33.31930159400008, "torch.nn.modules.activation.Hardshrink": 33.11575237000034, "torch.nn.modules.dropout.AlphaDropout": 24.331686902, "torch.nn.modules.activation.CELU": 35.758922532999804, "torch.nn.modules.activation.Sigmoid": 33.0844981969999, "torch.nn.modules.activation.Softshrink": 33.08171659599975, "torch.nn.modules.activation.ReLU": 33.08835828800011, "torch.nn.modules.activation.SELU": 33.08549221000021, "torch.nn.modules.activation.Softplus": 33.649243469999874, "torch.nn.modules.activation.RReLU": 33.206340297000224, "torch.nn.modules.activation.Softsign": 49.12822760300014, "torch.nn.modules.activation.PReLU": 31.920844475000195, "torch.nn.modules.dropout.Dropout3d": 24.330248427999777, "torch.nn.modules.activation.Softmax": 36.050398111999584, "torch.nn.modules.dropout.Dropout2d": 24.372252589000254, "torch.nn.modules.activation.ReLU6": 35.80067825299966, "torch.nn.modules.activation.Tanhshrink": 43.326983776999896}], "device": "cuda", "test_chunk_size": 100000, "runs": 3, "outprefix": "dc_gpu", "parameters": {"test_size_cap": 100000, "track_impact": false, "train_epochs": 2000, "runs": 3, "device": "cuda", "outprefix": "dc_gpu", "scale": 8}, "hardware_name": "Tesla P100-PCIE-16GB", "started_at": "Mon Jun  8 17:13:57 2020 UTC"}