{"train_epochs": 2000, "pred_items": 10, "train_times": {}, "pred_times": [{"torch.nn.modules.activation.GELU": 0.0005317730000342635, "torch.nn.modules.activation.Tanhshrink": 0.0007559000000014748, "torch.nn.modules.activation.LogSoftmax": 0.0006336170000054153, "torch.nn.modules.activation.Hardtanh": 0.0007987850000290564, "torch.nn.modules.dropout.Dropout3d": 0.00026360499998645537, "torch.nn.modules.activation.LogSigmoid": 0.00018886600003042986, "torch.nn.modules.activation.ReLU": 0.0002372700000137229, "torch.nn.modules.activation.RReLU": 0.0002537749999760308, "torch.nn.modules.activation.ELU": 0.0001968280000141931, "torch.nn.modules.dropout.Dropout2d": 0.0001328980000039337, "torch.nn.modules.activation.Sigmoid": 0.00021326199998839002, "torch.nn.modules.activation.Softshrink": 0.0002476549999528288, "torch.nn.modules.activation.Softmax": 0.00032022199997072676, "torch.nn.modules.activation.SELU": 0.00018415699997831325, "torch.nn.modules.activation.ReLU6": 0.00017588400004342475, "torch.nn.modules.activation.Tanh": 0.00023162399998000183, "torch.nn.modules.activation.Softsign": 0.00041718099998888647, "torch.nn.modules.activation.PReLU": 0.00021101500004760965, "torch.nn.modules.activation.Softplus": 0.0001673259999961374, "torch.nn.modules.dropout.AlphaDropout": 0.000177452999992056, "torch.nn.modules.activation.LeakyReLU": 0.00016139800004566496, "torch.nn.modules.activation.Softmin": 0.00038470900000220354, "torch.nn.modules.activation.Hardshrink": 0.00020265200004132566, "torch.nn.modules.activation.CELU": 0.0001923670000110178, "torch.nn.modules.linear.Identity": 9.629900000618363e-05, "torch.nn.modules.dropout.Dropout": 0.00013427999999748863}, {"torch.nn.modules.activation.Softplus": 0.00023249899999200352, "torch.nn.modules.activation.Hardtanh": 0.00025919699999121804, "torch.nn.modules.activation.Tanhshrink": 0.0002149829999780195, "torch.nn.modules.activation.Softmax": 0.000197640000010324, "torch.nn.modules.dropout.Dropout2d": 0.00010362599999780286, "torch.nn.modules.activation.Hardshrink": 0.00014528100001598432, "torch.nn.modules.dropout.AlphaDropout": 0.00010025799997492868, "torch.nn.modules.activation.ReLU": 0.00018872599997621364, "torch.nn.modules.activation.ReLU6": 0.0001596939999899405, "torch.nn.modules.activation.LeakyReLU": 0.00014514800000142714, "torch.nn.modules.activation.Softshrink": 0.00015170299997180337, "torch.nn.modules.activation.Tanh": 0.00014996900000596725, "torch.nn.modules.activation.LogSoftmax": 0.0001797790000068744, "torch.nn.modules.activation.RReLU": 0.0002323530000012397, "torch.nn.modules.activation.CELU": 0.00015512199996692289, "torch.nn.modules.activation.SELU": 0.00014211500001692912, "torch.nn.modules.dropout.Dropout3d": 0.00010951500001965542, "torch.nn.modules.activation.LogSigmoid": 0.00014954599998873164, "torch.nn.modules.linear.Identity": 8.392500001264125e-05, "torch.nn.modules.activation.PReLU": 0.0001605350000204453, "torch.nn.modules.dropout.Dropout": 0.0001336710000146013, "torch.nn.modules.activation.GELU": 0.00014131599999700484, "torch.nn.modules.activation.Sigmoid": 0.00014528299999483352, "torch.nn.modules.activation.Softsign": 0.00029317899998204666, "torch.nn.modules.activation.Softmin": 0.0002813469999978224, "torch.nn.modules.activation.ELU": 0.00018654100000503604}, {"torch.nn.modules.activation.Tanh": 0.00022884800000610994, "torch.nn.modules.activation.Softplus": 0.00015368999999054722, "torch.nn.modules.dropout.Dropout": 0.00016561600000386534, "torch.nn.modules.dropout.Dropout3d": 9.650399999827641e-05, "torch.nn.modules.activation.ELU": 0.00014338500000121712, "torch.nn.modules.activation.Hardshrink": 0.00015702600001077371, "torch.nn.modules.activation.LeakyReLU": 0.0001449970000066969, "torch.nn.modules.activation.Softmax": 0.00018035099998314763, "torch.nn.modules.dropout.Dropout2d": 0.00013749400000051537, "torch.nn.modules.activation.PReLU": 0.00018169899999520567, "torch.nn.modules.activation.ReLU6": 0.00015408899997737535, "torch.nn.modules.linear.Identity": 8.35239999901205e-05, "torch.nn.modules.activation.GELU": 0.00014479200001460413, "torch.nn.modules.activation.Softshrink": 0.0001534779999587954, "torch.nn.modules.activation.Softmin": 0.00023379600003181622, "torch.nn.modules.activation.CELU": 0.00020301000000699787, "torch.nn.modules.dropout.AlphaDropout": 0.00010102000004508227, "torch.nn.modules.activation.Hardtanh": 0.00015720699997245902, "torch.nn.modules.activation.LogSoftmax": 0.00019168599999375147, "torch.nn.modules.activation.ReLU": 0.00014592200000151934, "torch.nn.modules.activation.RReLU": 0.00016745599998557736, "torch.nn.modules.activation.Softsign": 0.0003294480000022304, "torch.nn.modules.activation.LogSigmoid": 0.0001578970000082336, "torch.nn.modules.activation.SELU": 0.00015599799996834918, "torch.nn.modules.activation.Tanhshrink": 0.0002019719999566405, "torch.nn.modules.activation.Sigmoid": 0.0001444659999947362}], "device": "cuda", "test_chunk_size": 10, "runs": 3, "outprefix": "dc_gpu", "parameters": {"test_size_cap": 100000, "track_impact": false, "train_epochs": 2000, "runs": 3, "device": "cuda", "outprefix": "dc_gpu", "scale": 1}, "hardware_name": "Tesla P100-PCIE-16GB", "started_at": "Mon Jun  8 14:38:37 2020 UTC"}