{"train_epochs": 2000, "pred_items": 100000, "train_times": {}, "pred_times": [{"torch.nn.modules.activation.Tanh": 0.002769247000003361, "torch.nn.modules.dropout.Dropout3d": 0.001001599999995051, "torch.nn.modules.activation.ReLU6": 0.0011942570000087471, "torch.nn.modules.activation.Hardshrink": 0.00255753400000458, "torch.nn.modules.activation.Softplus": 0.00021319499995797742, "torch.nn.modules.activation.CELU": 0.00022631400003092494, "torch.nn.modules.dropout.Dropout": 0.00021686400003773088, "torch.nn.modules.activation.Tanhshrink": 0.0003553920000172184, "torch.nn.modules.activation.GELU": 0.0001735800000233212, "torch.nn.modules.activation.Sigmoid": 0.00021829799999295574, "torch.nn.modules.activation.Hardtanh": 0.0002516170000035345, "torch.nn.modules.activation.LeakyReLU": 0.00020476200000985045, "torch.nn.modules.activation.ReLU": 0.0001792499999737629, "torch.nn.modules.activation.Softsign": 0.002560407000032683, "torch.nn.modules.linear.Identity": 0.00010594200000468845, "torch.nn.modules.activation.LogSoftmax": 0.00039592799998899864, "torch.nn.modules.activation.PReLU": 0.00028832300000658506, "torch.nn.modules.activation.Softmax": 0.00038347800000337884, "torch.nn.modules.dropout.AlphaDropout": 0.00015787899997121713, "torch.nn.modules.activation.SELU": 0.00018732400002363647, "torch.nn.modules.activation.LogSigmoid": 0.0002148689999899034, "torch.nn.modules.activation.ELU": 0.00020985200001177873, "torch.nn.modules.dropout.Dropout2d": 0.00010728600000220467, "torch.nn.modules.activation.Softmin": 0.0003628500000445456, "torch.nn.modules.activation.Softshrink": 0.00017490900000893816, "torch.nn.modules.activation.RReLU": 0.0002619320000007974}, {"torch.nn.modules.activation.LogSoftmax": 0.00028247599999531303, "torch.nn.modules.activation.Hardshrink": 0.00024063099999693804, "torch.nn.modules.dropout.Dropout2d": 0.00012060400001701055, "torch.nn.modules.dropout.Dropout": 9.81889999707164e-05, "torch.nn.modules.activation.Sigmoid": 0.00014709699996728887, "torch.nn.modules.activation.Softmin": 0.00023877600000332677, "torch.nn.modules.activation.Softshrink": 0.0001479499999845757, "torch.nn.modules.linear.Identity": 9.9169999998594e-05, "torch.nn.modules.activation.Softsign": 0.00033956099997567435, "torch.nn.modules.activation.SELU": 0.00015763400000423644, "torch.nn.modules.activation.RReLU": 0.00017508199999838325, "torch.nn.modules.activation.ReLU": 0.0001555509999775495, "torch.nn.modules.activation.Tanhshrink": 0.00027414600003794476, "torch.nn.modules.dropout.Dropout3d": 0.00012297499995383987, "torch.nn.modules.activation.LogSigmoid": 0.00014807500002689267, "torch.nn.modules.activation.ReLU6": 0.0001561859999696935, "torch.nn.modules.activation.ELU": 0.0001483359999951972, "torch.nn.modules.activation.CELU": 0.00014804099998855236, "torch.nn.modules.dropout.AlphaDropout": 0.00012333700004774073, "torch.nn.modules.activation.Tanh": 0.00020702399996253007, "torch.nn.modules.activation.Softmax": 0.00017951899997115106, "torch.nn.modules.activation.Softplus": 0.00014581099998167701, "torch.nn.modules.activation.Hardtanh": 0.0001629299999876821, "torch.nn.modules.activation.PReLU": 0.0001664430000118955, "torch.nn.modules.activation.GELU": 0.00017455899995866275, "torch.nn.modules.activation.LeakyReLU": 0.00022070099998927617}, {"torch.nn.modules.activation.ReLU": 0.0002511200000299141, "torch.nn.modules.activation.SELU": 0.0002387559999874611, "torch.nn.modules.activation.LeakyReLU": 0.0001492170000005899, "torch.nn.modules.activation.ELU": 0.00018092699997396267, "torch.nn.modules.dropout.Dropout3d": 0.00011000599999988481, "torch.nn.modules.linear.Identity": 8.082800002284785e-05, "torch.nn.modules.activation.Softmax": 0.00017455400001153976, "torch.nn.modules.activation.ReLU6": 0.00020897299998523522, "torch.nn.modules.activation.Hardtanh": 0.00019280100002561085, "torch.nn.modules.dropout.Dropout2d": 0.00017340099998364167, "torch.nn.modules.activation.Hardshrink": 0.00022714099998211168, "torch.nn.modules.dropout.AlphaDropout": 0.00010163499996451719, "torch.nn.modules.activation.Softplus": 0.00015151499997045903, "torch.nn.modules.activation.LogSoftmax": 0.00026978399995414293, "torch.nn.modules.activation.LogSigmoid": 0.00015641100003449537, "torch.nn.modules.activation.CELU": 0.0001531549999640447, "torch.nn.modules.activation.Tanh": 0.0001470029999950384, "torch.nn.modules.activation.Softshrink": 0.00013828400000193142, "torch.nn.modules.dropout.Dropout": 0.00011207900001863891, "torch.nn.modules.activation.RReLU": 0.0002449140000067018, "torch.nn.modules.activation.Softmin": 0.0017194019999919874, "torch.nn.modules.activation.Tanhshrink": 0.0003059999999663887, "torch.nn.modules.activation.PReLU": 0.00017403300000751187, "torch.nn.modules.activation.Softsign": 0.00028441300003123615, "torch.nn.modules.activation.GELU": 0.00015156299997443057, "torch.nn.modules.activation.Sigmoid": 0.0001585389999831932}], "device": "cuda", "test_chunk_size": 100000, "runs": 3, "outprefix": "dc_gpu", "parameters": {"test_size_cap": 100000, "track_impact": false, "train_epochs": 2000, "runs": 3, "device": "cuda", "outprefix": "dc_gpu", "scale": 5}, "hardware_name": "Tesla P100-PCIE-16GB", "started_at": "Mon Jun  8 14:38:57 2020 UTC"}