{"train_epochs": 2000, "pred_items": 10000000, "train_times": {}, "pred_times": [{"torch.nn.modules.dropout.Dropout2d": 149.56422057100002, "torch.nn.modules.dropout.AlphaDropout": 151.29911203299997, "torch.nn.modules.activation.Softplus": 363.265507507, "torch.nn.modules.activation.RReLU": 259.97836878600003, "torch.nn.modules.activation.Hardtanh": 263.538630322, "torch.nn.modules.activation.LeakyReLU": 262.6676876920001, "torch.nn.modules.activation.CELU": 308.53655000899994, "torch.nn.modules.activation.ELU": 305.1519940219998, "torch.nn.modules.activation.Hardshrink": 261.51901154200004, "torch.nn.modules.activation.Softsign": 434.2981306259999, "torch.nn.modules.activation.Tanh": 389.3676131110001, "torch.nn.modules.activation.PReLU": 266.6231789560002, "torch.nn.modules.dropout.Dropout3d": 179.73677079400022, "torch.nn.modules.activation.Softshrink": 257.82485950499995, "torch.nn.modules.activation.Sigmoid": 284.25062419500046, "torch.nn.modules.activation.SELU": 292.5144523099998, "torch.nn.modules.activation.Tanhshrink": 455.8436268659998, "torch.nn.modules.dropout.Dropout": 164.4721255610002, "torch.nn.modules.activation.Softmin": 369.3915128939998, "torch.nn.modules.activation.GELU": 266.57176600599996, "torch.nn.modules.activation.ReLU6": 245.00733251100064, "torch.nn.modules.activation.LogSigmoid": 479.32104842699937, "torch.nn.modules.activation.Softmax": 290.7237476910004, "torch.nn.modules.activation.ReLU": 246.0233069980004, "torch.nn.modules.activation.LogSoftmax": 289.0448656710005, "torch.nn.modules.linear.Identity": 168.20161253300012}, {"torch.nn.modules.dropout.Dropout3d": 171.3449556279993, "torch.nn.modules.dropout.Dropout": 172.13416687399967, "torch.nn.modules.activation.Softsign": 420.0734122670001, "torch.nn.modules.activation.ReLU": 256.6275304720002, "torch.nn.modules.activation.Tanhshrink": 453.0749956899999, "torch.nn.modules.activation.Hardtanh": 251.6879126970016, "torch.nn.modules.dropout.Dropout2d": 172.31036630500057, "torch.nn.modules.activation.LogSoftmax": 294.06348675799927, "torch.nn.modules.activation.Softmax": 292.2234930430004, "torch.nn.modules.activation.Softplus": 380.44049591600015, "torch.nn.modules.activation.LogSigmoid": 495.27706776099876, "torch.nn.modules.activation.PReLU": 253.91825969899946, "torch.nn.modules.activation.GELU": 272.7763582949992, "torch.nn.modules.activation.SELU": 298.15757488599957, "torch.nn.modules.activation.ReLU6": 256.5044475680006, "torch.nn.modules.activation.CELU": 297.58813177400043, "torch.nn.modules.activation.Tanh": 373.10048223100057, "torch.nn.modules.activation.Softshrink": 257.3158861840002, "torch.nn.modules.activation.LeakyReLU": 253.90385782500016, "torch.nn.modules.activation.Sigmoid": 280.81291572100054, "torch.nn.modules.activation.Softmin": 372.54029821100085, "torch.nn.modules.activation.ELU": 299.2702734449995, "torch.nn.modules.dropout.AlphaDropout": 171.06396859199958, "torch.nn.modules.activation.Hardshrink": 253.56652517900147, "torch.nn.modules.linear.Identity": 172.69885939800042, "torch.nn.modules.activation.RReLU": 254.55712431999928}, {"torch.nn.modules.activation.LogSoftmax": 312.266460937999, "torch.nn.modules.activation.PReLU": 295.9012847319991, "torch.nn.modules.activation.Hardtanh": 289.67636012500043, "torch.nn.modules.linear.Identity": 204.4188762090016, "torch.nn.modules.activation.Softsign": 480.845434107001, "torch.nn.modules.activation.RReLU": 290.8612246579978, "torch.nn.modules.dropout.Dropout": 163.60089731300104, "torch.nn.modules.activation.Tanh": 349.6491266539997, "torch.nn.modules.activation.ReLU6": 233.86383365599977, "torch.nn.modules.activation.CELU": 284.44209870600025, "torch.nn.modules.activation.LeakyReLU": 261.4504570050012, "torch.nn.modules.dropout.Dropout3d": 179.38841222099654, "torch.nn.modules.activation.SELU": 304.84036754000044, "torch.nn.modules.activation.Softmin": 384.4706283099986, "torch.nn.modules.activation.ReLU": 266.42598866299886, "torch.nn.modules.activation.Softplus": 395.9638295900004, "torch.nn.modules.activation.Hardshrink": 245.9323336189991, "torch.nn.modules.activation.Sigmoid": 261.95005505099834, "torch.nn.modules.activation.Softmax": 272.172709516999, "torch.nn.modules.activation.GELU": 254.24351567600024, "torch.nn.modules.activation.Tanhshrink": 443.59836025700133, "torch.nn.modules.dropout.AlphaDropout": 179.13148262100003, "torch.nn.modules.activation.ELU": 304.6085861310021, "torch.nn.modules.activation.LogSigmoid": 508.9596554939999, "torch.nn.modules.dropout.Dropout2d": 177.48865740700057, "torch.nn.modules.activation.Softshrink": 259.3897378239999}], "device": "cpu", "test_chunk_size": 100000, "runs": 3, "outprefix": "mac", "parameters": {"scale": 7, "outprefix": "mac", "device": "cpu", "runs": 3, "train_epochs": 2000, "track_impact": false, "test_size_cap": 100000}, "hardware_name": "Intel(R) Core(TM) i5-7360U CPU @ 2.30GHz", "started_at": "Mon Jun  8 23:46:13 2020 CEST"}