{"train_epochs": 2000, "pred_items": 100000, "train_times": {}, "pred_times": [{"torch.nn.modules.dropout.Dropout3d": 1.3012689389999998, "torch.nn.modules.activation.PReLU": 2.0530032810000005, "torch.nn.modules.activation.LeakyReLU": 2.058461533, "torch.nn.modules.activation.Softmin": 3.2201080620000013, "torch.nn.modules.activation.Hardshrink": 2.1099273739999997, "torch.nn.modules.activation.Softplus": 3.2919441949999992, "torch.nn.modules.activation.LogSoftmax": 2.4513874589999993, "torch.nn.modules.activation.Softshrink": 2.062018248000001, "torch.nn.modules.activation.LogSigmoid": 4.4202634100000004, "torch.nn.modules.activation.Tanh": 3.338001094999999, "torch.nn.modules.activation.Sigmoid": 2.3233433009999978, "torch.nn.modules.activation.ReLU": 2.0227162250000035, "torch.nn.modules.activation.Tanhshrink": 4.123913276000003, "torch.nn.modules.dropout.Dropout2d": 1.3316884569999985, "torch.nn.modules.activation.SELU": 2.3718291619999974, "torch.nn.modules.activation.CELU": 2.4198817990000023, "torch.nn.modules.dropout.AlphaDropout": 1.302105410000003, "torch.nn.modules.activation.Softmax": 2.4218235389999947, "torch.nn.modules.activation.ReLU6": 2.1584850799999984, "torch.nn.modules.activation.ELU": 2.5001384229999957, "torch.nn.modules.activation.GELU": 2.157236863999998, "torch.nn.modules.dropout.Dropout": 1.5436096999999975, "torch.nn.modules.activation.RReLU": 2.183313035999994, "torch.nn.modules.linear.Identity": 1.526130528000003, "torch.nn.modules.activation.Softsign": 3.956236730999997, "torch.nn.modules.activation.Hardtanh": 2.9322364320000105}, {"torch.nn.modules.activation.Hardshrink": 2.9985296309999967, "torch.nn.modules.activation.GELU": 2.282622277999991, "torch.nn.modules.dropout.Dropout": 1.450741628000003, "torch.nn.modules.activation.ReLU6": 2.150752237000006, "torch.nn.modules.linear.Identity": 1.3755214440000003, "torch.nn.modules.activation.LeakyReLU": 2.2098622759999955, "torch.nn.modules.dropout.AlphaDropout": 1.4191809920000082, "torch.nn.modules.activation.RReLU": 2.1881638420000087, "torch.nn.modules.activation.ELU": 2.5635813100000036, "torch.nn.modules.activation.LogSigmoid": 4.371030235000006, "torch.nn.modules.activation.Softplus": 3.4578081500000053, "torch.nn.modules.dropout.Dropout2d": 1.3436906530000101, "torch.nn.modules.activation.Tanhshrink": 4.0466545740000015, "torch.nn.modules.activation.Hardtanh": 2.049491641000003, "torch.nn.modules.activation.Softmin": 3.1473780910000073, "torch.nn.modules.activation.Sigmoid": 2.38435551500001, "torch.nn.modules.activation.LogSoftmax": 2.4032226260000016, "torch.nn.modules.activation.CELU": 2.4879392269999983, "torch.nn.modules.activation.SELU": 2.4117982359999957, "torch.nn.modules.activation.Softmax": 2.4493815629999887, "torch.nn.modules.dropout.Dropout3d": 1.323021266000012, "torch.nn.modules.activation.Tanh": 3.2623909600000047, "torch.nn.modules.activation.Softshrink": 2.035556888000002, "torch.nn.modules.activation.ReLU": 2.0664839450000017, "torch.nn.modules.activation.PReLU": 2.0954669850000016, "torch.nn.modules.activation.Softsign": 3.6139307220000063}, {"torch.nn.modules.dropout.Dropout": 1.5159285079999734, "torch.nn.modules.dropout.AlphaDropout": 1.2665720990000011, "torch.nn.modules.activation.Softmax": 2.5143375840000033, "torch.nn.modules.activation.ELU": 2.5177862240000195, "torch.nn.modules.activation.SELU": 2.457483826000015, "torch.nn.modules.activation.LogSoftmax": 2.452631642, "torch.nn.modules.activation.Softshrink": 2.057861982999981, "torch.nn.modules.activation.Hardshrink": 2.0398187099999916, "torch.nn.modules.activation.Tanhshrink": 4.166554170000012, "torch.nn.modules.activation.Sigmoid": 2.3059726710000064, "torch.nn.modules.activation.LeakyReLU": 2.0807379510000032, "torch.nn.modules.dropout.Dropout3d": 1.3695955069999854, "torch.nn.modules.activation.Hardtanh": 1.9728465420000134, "torch.nn.modules.activation.Softsign": 3.657156337999993, "torch.nn.modules.activation.Tanh": 3.356261719999992, "torch.nn.modules.activation.RReLU": 2.0336759859999916, "torch.nn.modules.activation.GELU": 2.1778457320000086, "torch.nn.modules.linear.Identity": 1.336214353999992, "torch.nn.modules.activation.PReLU": 2.0672899509999922, "torch.nn.modules.activation.LogSigmoid": 4.501033307, "torch.nn.modules.activation.CELU": 2.750877682999999, "torch.nn.modules.activation.Softplus": 3.386455634000015, "torch.nn.modules.activation.ReLU6": 2.0412236699999937, "torch.nn.modules.dropout.Dropout2d": 1.640776001000006, "torch.nn.modules.activation.ReLU": 2.171795653999993, "torch.nn.modules.activation.Softmin": 3.4085436279999897}], "device": "cpu", "test_chunk_size": 100000, "runs": 3, "outprefix": "mac", "parameters": {"scale": 5, "outprefix": "mac", "device": "cpu", "runs": 3, "train_epochs": 2000, "track_impact": false, "test_size_cap": 100000}, "hardware_name": "Intel(R) Core(TM) i5-7360U CPU @ 2.30GHz", "started_at": "Mon Jun  8 16:57:07 2020 CEST"}