{"train_epochs": 2000, "pred_items": 1000000, "train_times": {}, "pred_times": [{"torch.nn.modules.activation.Hardshrink": 21.143425574000002, "torch.nn.modules.activation.Tanhshrink": 42.140250937999994, "torch.nn.modules.activation.Tanh": 34.17556899099999, "torch.nn.modules.activation.ReLU": 21.99703674, "torch.nn.modules.dropout.AlphaDropout": 13.875521598000006, "torch.nn.modules.activation.ELU": 25.027060379000005, "torch.nn.modules.activation.LeakyReLU": 21.23287729499998, "torch.nn.modules.activation.Softplus": 34.115658749000005, "torch.nn.modules.activation.SELU": 26.225353912000003, "torch.nn.modules.activation.ReLU6": 21.090497860000028, "torch.nn.modules.dropout.Dropout2d": 14.111862865000035, "torch.nn.modules.activation.RReLU": 21.73047973900003, "torch.nn.modules.activation.Softshrink": 21.861950595999986, "torch.nn.modules.activation.Softmin": 33.720241904000034, "torch.nn.modules.activation.LogSigmoid": 45.10350803099999, "torch.nn.modules.activation.Softmax": 24.901034119999963, "torch.nn.modules.linear.Identity": 13.859454841000002, "torch.nn.modules.activation.GELU": 23.261821728999962, "torch.nn.modules.activation.Sigmoid": 24.919358757999987, "torch.nn.modules.activation.LogSoftmax": 25.02200856600001, "torch.nn.modules.dropout.Dropout": 14.993639819000009, "torch.nn.modules.activation.Hardtanh": 21.27157537100004, "torch.nn.modules.dropout.Dropout3d": 14.493103288000043, "torch.nn.modules.activation.CELU": 26.667679179999936, "torch.nn.modules.activation.PReLU": 22.179540722999946, "torch.nn.modules.activation.Softsign": 38.088553807999915}, {"torch.nn.modules.dropout.Dropout3d": 14.42277801199998, "torch.nn.modules.activation.Tanh": 33.842370078000044, "torch.nn.modules.activation.Sigmoid": 24.360103036000055, "torch.nn.modules.activation.Softsign": 38.142188078000004, "torch.nn.modules.activation.ReLU6": 21.13875649099998, "torch.nn.modules.activation.Softmin": 33.51193452200005, "torch.nn.modules.activation.ReLU": 21.354647148999902, "torch.nn.modules.activation.Softplus": 33.623094512999955, "torch.nn.modules.activation.LogSigmoid": 45.48935287699999, "torch.nn.modules.dropout.Dropout2d": 14.850201829999946, "torch.nn.modules.activation.PReLU": 21.68470340700003, "torch.nn.modules.activation.LogSoftmax": 25.15210763899995, "torch.nn.modules.activation.Hardshrink": 21.888164507000056, "torch.nn.modules.activation.Tanhshrink": 42.67112077799993, "torch.nn.modules.activation.Hardtanh": 22.399280678999958, "torch.nn.modules.activation.GELU": 22.84754046199987, "torch.nn.modules.dropout.Dropout": 14.10614879800005, "torch.nn.modules.activation.Softshrink": 21.994643729000018, "torch.nn.modules.activation.CELU": 26.406929835000028, "torch.nn.modules.linear.Identity": 14.408991474999993, "torch.nn.modules.activation.Softmax": 26.372370319999845, "torch.nn.modules.activation.ELU": 28.98523636899995, "torch.nn.modules.dropout.AlphaDropout": 14.625372139000092, "torch.nn.modules.activation.RReLU": 22.931436877999886, "torch.nn.modules.activation.LeakyReLU": 21.66885042900003, "torch.nn.modules.activation.SELU": 26.032887789000142}, {"torch.nn.modules.activation.Softshrink": 21.896685644999934, "torch.nn.modules.activation.ReLU": 21.605703175000144, "torch.nn.modules.activation.Hardshrink": 21.697497468999927, "torch.nn.modules.activation.Hardtanh": 22.39158937100001, "torch.nn.modules.activation.Softmin": 32.887282771999935, "torch.nn.modules.activation.RReLU": 22.032075472000088, "torch.nn.modules.activation.GELU": 23.172507990999975, "torch.nn.modules.dropout.Dropout": 14.25824019200013, "torch.nn.modules.activation.Softsign": 38.22117479899998, "torch.nn.modules.dropout.Dropout3d": 14.835565811000151, "torch.nn.modules.dropout.Dropout2d": 14.239069115999882, "torch.nn.modules.activation.Tanhshrink": 41.72163155600015, "torch.nn.modules.activation.Tanh": 32.971215583, "torch.nn.modules.activation.SELU": 26.624833342999864, "torch.nn.modules.dropout.AlphaDropout": 14.218175296000027, "torch.nn.modules.activation.Softplus": 33.73119078700006, "torch.nn.modules.linear.Identity": 14.005478132000007, "torch.nn.modules.activation.LeakyReLU": 21.489551592999987, "torch.nn.modules.activation.Sigmoid": 24.3971898530001, "torch.nn.modules.activation.Softmax": 27.038193858000113, "torch.nn.modules.activation.ELU": 25.919089041999996, "torch.nn.modules.activation.CELU": 25.716037857999936, "torch.nn.modules.activation.LogSigmoid": 44.91252857099994, "torch.nn.modules.activation.LogSoftmax": 26.524444412000094, "torch.nn.modules.activation.ReLU6": 22.208169143000077, "torch.nn.modules.activation.PReLU": 22.17077304899999}], "device": "cpu", "test_chunk_size": 100000, "runs": 3, "outprefix": "mac", "parameters": {"scale": 6, "outprefix": "mac", "device": "cpu", "runs": 3, "train_epochs": 2000, "track_impact": false, "test_size_cap": 100000}, "hardware_name": "Intel(R) Core(TM) i5-7360U CPU @ 2.30GHz", "started_at": "Mon Jun  8 17:32:12 2020 CEST"}