{"train_epochs": 2000, "pred_items": 100, "train_times": {}, "pred_times": [{"torch.nn.modules.activation.SELU": 0.013897272999999988, "torch.nn.modules.activation.ELU": 0.02456028500000018, "torch.nn.modules.activation.RReLU": 0.019673442999999846, "torch.nn.modules.activation.Softplus": 0.009295424000000274, "torch.nn.modules.dropout.Dropout3d": 0.010766598000000016, "torch.nn.modules.activation.Softmax": 0.014013638999999856, "torch.nn.modules.activation.CELU": 0.0060132120000000455, "torch.nn.modules.linear.Identity": 0.01709721799999997, "torch.nn.modules.activation.Hardshrink": 0.00938030199999984, "torch.nn.modules.activation.LeakyReLU": 0.006743910999999603, "torch.nn.modules.activation.PReLU": 0.009300549000000213, "torch.nn.modules.activation.ReLU6": 0.0072415769999998325, "torch.nn.modules.dropout.Dropout2d": 0.006241298000000395, "torch.nn.modules.activation.GELU": 0.009612349999999825, "torch.nn.modules.activation.Softmin": 0.014771757999999746, "torch.nn.modules.activation.Tanhshrink": 0.016478725999999888, "torch.nn.modules.dropout.Dropout": 0.009528088000000157, "torch.nn.modules.activation.Sigmoid": 0.00784334000000042, "torch.nn.modules.dropout.AlphaDropout": 0.004222721000000096, "torch.nn.modules.activation.LogSoftmax": 0.0168768039999998, "torch.nn.modules.activation.Softshrink": 0.011241591000000106, "torch.nn.modules.activation.LogSigmoid": 0.015933798999999915, "torch.nn.modules.activation.Softsign": 0.009785852000000261, "torch.nn.modules.activation.Hardtanh": 0.015208341000000125, "torch.nn.modules.activation.ReLU": 0.008106780000000313, "torch.nn.modules.activation.Tanh": 0.009941844000000088}, {"torch.nn.modules.dropout.Dropout": 0.02436253399999977, "torch.nn.modules.activation.Tanhshrink": 0.011775785999999844, "torch.nn.modules.activation.ReLU": 0.004360578000000004, "torch.nn.modules.activation.LogSoftmax": 0.007328988999999897, "torch.nn.modules.dropout.Dropout2d": 0.003502815000000048, "torch.nn.modules.activation.Softmax": 0.016421246999999806, "torch.nn.modules.activation.GELU": 0.00694271000000013, "torch.nn.modules.activation.Hardshrink": 0.01706212400000018, "torch.nn.modules.activation.Softshrink": 0.008134434000000024, "torch.nn.modules.activation.Hardtanh": 0.01287851299999998, "torch.nn.modules.activation.ReLU6": 0.00807109199999978, "torch.nn.modules.activation.Softsign": 0.01882119900000001, "torch.nn.modules.activation.Softmin": 0.008215578000000168, "torch.nn.modules.activation.Tanh": 0.01906860599999982, "torch.nn.modules.dropout.AlphaDropout": 0.008474909000000252, "torch.nn.modules.activation.LogSigmoid": 0.008763115999999904, "torch.nn.modules.activation.PReLU": 0.0037730570000000796, "torch.nn.modules.activation.RReLU": 0.0034889339999999436, "torch.nn.modules.activation.Sigmoid": 0.009043036000000004, "torch.nn.modules.activation.Softplus": 0.02528459000000005, "torch.nn.modules.activation.SELU": 0.017656544999999912, "torch.nn.modules.dropout.Dropout3d": 0.012078310000000148, "torch.nn.modules.activation.ELU": 0.011698920000000168, "torch.nn.modules.linear.Identity": 0.017158703999999858, "torch.nn.modules.activation.LeakyReLU": 0.005780725999999792, "torch.nn.modules.activation.CELU": 0.008860453999999685}, {"torch.nn.modules.activation.Softmax": 0.015967145999999932, "torch.nn.modules.activation.CELU": 0.009801110999999807, "torch.nn.modules.activation.ReLU": 0.010495393000000242, "torch.nn.modules.activation.RReLU": 0.00908677899999999, "torch.nn.modules.dropout.Dropout3d": 0.007892029999999828, "torch.nn.modules.activation.Sigmoid": 0.00546887500000004, "torch.nn.modules.activation.ReLU6": 0.005658056000000133, "torch.nn.modules.activation.Softshrink": 0.003305113999999776, "torch.nn.modules.activation.Tanhshrink": 0.01210953700000017, "torch.nn.modules.activation.Softmin": 0.01302305399999959, "torch.nn.modules.linear.Identity": 0.011644571999999798, "torch.nn.modules.activation.Tanh": 0.005106029999999873, "torch.nn.modules.activation.LogSigmoid": 0.018673956999999852, "torch.nn.modules.dropout.AlphaDropout": 0.004584932000000208, "torch.nn.modules.activation.GELU": 0.0034366230000002496, "torch.nn.modules.dropout.Dropout2d": 0.0027913090000000196, "torch.nn.modules.activation.SELU": 0.0037957209999999186, "torch.nn.modules.activation.Softplus": 0.00606668999999993, "torch.nn.modules.activation.Hardtanh": 0.005428291000000307, "torch.nn.modules.activation.PReLU": 0.004679926000000112, "torch.nn.modules.activation.LeakyReLU": 0.008745881000000288, "torch.nn.modules.dropout.Dropout": 0.01324151699999998, "torch.nn.modules.activation.ELU": 0.006374779999999802, "torch.nn.modules.activation.LogSoftmax": 0.015797731999999787, "torch.nn.modules.activation.Softsign": 0.0065004120000002885, "torch.nn.modules.activation.Hardshrink": 0.002784689999999923}], "device": "cpu", "test_chunk_size": 100, "runs": 3, "outprefix": "mac", "parameters": {"scale": 2, "outprefix": "mac", "device": "cpu", "runs": 3, "train_epochs": 2000, "track_impact": false, "test_size_cap": 100000}, "hardware_name": "Intel(R) Core(TM) i5-7360U CPU @ 2.30GHz", "started_at": "Mon Jun  8 16:52:25 2020 CEST"}