{"train_epochs": 2000, "pred_items": 1000, "train_times": {}, "pred_times": [{"torch.nn.modules.activation.Hardtanh": 0.08524665499999973, "torch.nn.modules.activation.Softplus": 0.17267163299999977, "torch.nn.modules.activation.PReLU": 0.030936343000000033, "torch.nn.modules.linear.Identity": 0.04677277299999982, "torch.nn.modules.activation.Softmin": 0.08456417299999996, "torch.nn.modules.activation.GELU": 0.1095869679999999, "torch.nn.modules.activation.Tanhshrink": 0.132323784, "torch.nn.modules.dropout.Dropout3d": 0.04895305499999969, "torch.nn.modules.dropout.Dropout": 0.017583039999999883, "torch.nn.modules.activation.LeakyReLU": 0.021488375000000115, "torch.nn.modules.activation.Softsign": 0.025419689000000023, "torch.nn.modules.activation.Softshrink": 0.023073548000000166, "torch.nn.modules.activation.ELU": 0.03495830400000033, "torch.nn.modules.activation.Sigmoid": 0.024751358999999695, "torch.nn.modules.activation.SELU": 0.03100215400000028, "torch.nn.modules.activation.LogSoftmax": 0.05910653900000007, "torch.nn.modules.activation.LogSigmoid": 0.04326135899999972, "torch.nn.modules.activation.CELU": 0.026916325000000185, "torch.nn.modules.activation.Softmax": 0.028138935999999504, "torch.nn.modules.activation.ReLU6": 0.027240002000000096, "torch.nn.modules.activation.RReLU": 0.020605461999999797, "torch.nn.modules.activation.Hardshrink": 0.022912207000000073, "torch.nn.modules.activation.Tanh": 0.03426786500000034, "torch.nn.modules.dropout.Dropout2d": 0.01990567399999943, "torch.nn.modules.activation.ReLU": 0.02610848499999996, "torch.nn.modules.dropout.AlphaDropout": 0.01776086400000043}, {"torch.nn.modules.activation.Softmax": 0.04115911299999997, "torch.nn.modules.activation.LeakyReLU": 0.06146205800000004, "torch.nn.modules.activation.ReLU": 0.03382447799999966, "torch.nn.modules.activation.SELU": 0.031122618999999574, "torch.nn.modules.dropout.Dropout": 0.021357877999999886, "torch.nn.modules.dropout.Dropout2d": 0.018416987000000162, "torch.nn.modules.activation.Tanhshrink": 0.046362288000000085, "torch.nn.modules.activation.Sigmoid": 0.029728808999999856, "torch.nn.modules.activation.LogSoftmax": 0.026292946999999955, "torch.nn.modules.activation.Softsign": 0.02605884400000047, "torch.nn.modules.activation.CELU": 0.032398478000000175, "torch.nn.modules.linear.Identity": 0.017581981999999385, "torch.nn.modules.activation.Softplus": 0.04809227799999949, "torch.nn.modules.activation.ReLU6": 0.029635436000000404, "torch.nn.modules.activation.LogSigmoid": 0.06079907500000026, "torch.nn.modules.activation.Softmin": 0.03340481700000009, "torch.nn.modules.activation.Tanh": 0.0405845789999999, "torch.nn.modules.activation.PReLU": 0.024054161999999657, "torch.nn.modules.activation.Softshrink": 0.025669940000000224, "torch.nn.modules.activation.Hardshrink": 0.021062392000000152, "torch.nn.modules.activation.RReLU": 0.020756199999999225, "torch.nn.modules.activation.Hardtanh": 0.028821900999999706, "torch.nn.modules.dropout.AlphaDropout": 0.01883400400000035, "torch.nn.modules.activation.GELU": 0.02189535599999992, "torch.nn.modules.dropout.Dropout3d": 0.01715359900000024, "torch.nn.modules.activation.ELU": 0.027240487000000257}, {"torch.nn.modules.dropout.Dropout": 0.02594325899999994, "torch.nn.modules.activation.LeakyReLU": 0.03811759199999987, "torch.nn.modules.dropout.AlphaDropout": 0.030685670999999637, "torch.nn.modules.activation.Hardshrink": 0.034082396000000514, "torch.nn.modules.activation.GELU": 0.02571715000000019, "torch.nn.modules.activation.Softshrink": 0.024327131999999807, "torch.nn.modules.dropout.Dropout2d": 0.019056270000000097, "torch.nn.modules.activation.ReLU6": 0.022260832999999813, "torch.nn.modules.activation.LogSoftmax": 0.027779381000000214, "torch.nn.modules.linear.Identity": 0.01829949800000019, "torch.nn.modules.activation.RReLU": 0.026569201000000042, "torch.nn.modules.activation.Hardtanh": 0.0222515879999996, "torch.nn.modules.dropout.Dropout3d": 0.0187558000000001, "torch.nn.modules.activation.CELU": 0.029931309000000184, "torch.nn.modules.activation.Softmin": 0.03771490200000027, "torch.nn.modules.activation.Softmax": 0.03166499700000003, "torch.nn.modules.activation.Tanh": 0.03678978100000041, "torch.nn.modules.activation.Tanhshrink": 0.055211081000000384, "torch.nn.modules.activation.LogSigmoid": 0.04479457500000006, "torch.nn.modules.activation.Sigmoid": 0.027346366999999816, "torch.nn.modules.activation.PReLU": 0.027331514000000112, "torch.nn.modules.activation.Softplus": 0.03882458999999994, "torch.nn.modules.activation.Softsign": 0.024831321999999822, "torch.nn.modules.activation.SELU": 0.029515461999999992, "torch.nn.modules.activation.ReLU": 0.018857729999999684, "torch.nn.modules.activation.ELU": 0.031155789999999683}], "device": "cpu", "test_chunk_size": 1000, "runs": 3, "outprefix": "mac", "parameters": {"scale": 3, "outprefix": "mac", "device": "cpu", "runs": 3, "train_epochs": 2000, "track_impact": false, "test_size_cap": 100000}, "hardware_name": "Intel(R) Core(TM) i5-7360U CPU @ 2.30GHz", "started_at": "Mon Jun  8 16:52:33 2020 CEST"}