{"train_epochs": 2000, "pred_items": 10, "train_times": {}, "pred_times": [{"torch.nn.modules.activation.Tanh": 0.01564681900000009, "torch.nn.modules.activation.Hardshrink": 0.0066633149999999475, "torch.nn.modules.activation.LeakyReLU": 0.00489311800000003, "torch.nn.modules.activation.Softplus": 0.013858168999999698, "torch.nn.modules.activation.Sigmoid": 0.024670258, "torch.nn.modules.dropout.AlphaDropout": 0.02759174299999989, "torch.nn.modules.activation.ELU": 0.013053778999999821, "torch.nn.modules.activation.Softmax": 0.0016413969999997668, "torch.nn.modules.dropout.Dropout2d": 0.0035725279999998527, "torch.nn.modules.activation.Softshrink": 0.001902670999999856, "torch.nn.modules.activation.LogSigmoid": 0.0020333369999998574, "torch.nn.modules.activation.SELU": 0.005576939000000003, "torch.nn.modules.linear.Identity": 0.006458756999999871, "torch.nn.modules.activation.ReLU": 0.00545504199999991, "torch.nn.modules.activation.CELU": 0.005148838000000211, "torch.nn.modules.activation.Tanhshrink": 0.00652568500000017, "torch.nn.modules.activation.LogSoftmax": 0.003811951999999952, "torch.nn.modules.activation.Softmin": 0.005702455000000217, "torch.nn.modules.activation.Softsign": 0.005449511000000129, "torch.nn.modules.activation.ReLU6": 0.006420250000000127, "torch.nn.modules.dropout.Dropout3d": 0.0073887630000002424, "torch.nn.modules.dropout.Dropout": 0.0026196670000002698, "torch.nn.modules.activation.GELU": 0.007762894000000298, "torch.nn.modules.activation.Hardtanh": 0.001719835999999919, "torch.nn.modules.activation.PReLU": 0.0015586620000003215, "torch.nn.modules.activation.RReLU": 0.0019696919999998563}, {"torch.nn.modules.activation.LogSigmoid": 0.0018545470000002062, "torch.nn.modules.linear.Identity": 0.0013276239999999717, "torch.nn.modules.activation.CELU": 0.001014438999999978, "torch.nn.modules.activation.Hardtanh": 0.0020682899999999727, "torch.nn.modules.activation.PReLU": 0.0032541360000002406, "torch.nn.modules.activation.Softmin": 0.0013063970000000147, "torch.nn.modules.activation.ELU": 0.001411593999999905, "torch.nn.modules.activation.Tanh": 0.0013292560000000009, "torch.nn.modules.activation.Hardshrink": 0.0011381300000001815, "torch.nn.modules.activation.Softshrink": 0.0012381000000001308, "torch.nn.modules.dropout.Dropout2d": 0.0013421070000001478, "torch.nn.modules.activation.SELU": 0.0014161669999999127, "torch.nn.modules.activation.LeakyReLU": 0.0024350520000000486, "torch.nn.modules.dropout.AlphaDropout": 0.005491630000000303, "torch.nn.modules.activation.GELU": 0.011865197999999744, "torch.nn.modules.activation.Softmax": 0.002908780999999916, "torch.nn.modules.dropout.Dropout3d": 0.005016765999999784, "torch.nn.modules.dropout.Dropout": 0.0021921709999999095, "torch.nn.modules.activation.Softplus": 0.013182283999999989, "torch.nn.modules.activation.Sigmoid": 0.0018221480000000234, "torch.nn.modules.activation.ReLU": 0.0031730030000001186, "torch.nn.modules.activation.RReLU": 0.005222934999999929, "torch.nn.modules.activation.Softsign": 0.015111702000000005, "torch.nn.modules.activation.ReLU6": 0.001514316000000182, "torch.nn.modules.activation.Tanhshrink": 0.002294924000000087, "torch.nn.modules.activation.LogSoftmax": 0.0017643019999997733}, {"torch.nn.modules.activation.Softmax": 0.0019705920000001598, "torch.nn.modules.activation.Hardshrink": 0.0013229309999998051, "torch.nn.modules.dropout.AlphaDropout": 0.00129431999999996, "torch.nn.modules.activation.Sigmoid": 0.004549416000000139, "torch.nn.modules.dropout.Dropout": 0.001982272000000229, "torch.nn.modules.activation.Softsign": 0.0020428890000001587, "torch.nn.modules.activation.GELU": 0.005274731000000088, "torch.nn.modules.activation.SELU": 0.001260000000000261, "torch.nn.modules.activation.Softplus": 0.0019787259999999307, "torch.nn.modules.activation.Softmin": 0.003583125999999659, "torch.nn.modules.activation.RReLU": 0.0018056890000002213, "torch.nn.modules.linear.Identity": 0.0008825169999999716, "torch.nn.modules.dropout.Dropout2d": 0.005975666999999962, "torch.nn.modules.activation.LeakyReLU": 0.013990686000000085, "torch.nn.modules.dropout.Dropout3d": 0.002558510999999708, "torch.nn.modules.activation.ReLU6": 0.0031603699999998014, "torch.nn.modules.activation.Softshrink": 0.007098848999999685, "torch.nn.modules.activation.CELU": 0.008569872999999895, "torch.nn.modules.activation.Hardtanh": 0.0028740489999998786, "torch.nn.modules.activation.ReLU": 0.0013629289999999017, "torch.nn.modules.activation.PReLU": 0.009208209000000078, "torch.nn.modules.activation.LogSigmoid": 0.0078556049999996, "torch.nn.modules.activation.Tanhshrink": 0.006162989999999979, "torch.nn.modules.activation.ELU": 0.006380907000000047, "torch.nn.modules.activation.LogSoftmax": 0.003104035000000227, "torch.nn.modules.activation.Tanh": 0.0037379229999996433}], "device": "cpu", "test_chunk_size": 10, "runs": 3, "outprefix": "mac", "parameters": {"scale": 1, "outprefix": "mac", "device": "cpu", "runs": 3, "train_epochs": 2000, "track_impact": false, "test_size_cap": 100000}, "hardware_name": "Intel(R) Core(TM) i5-7360U CPU @ 2.30GHz", "started_at": "Mon Jun  8 16:52:20 2020 CEST"}