{"train_epochs": 2000, "pred_items": 10000000, "train_times": {}, "pred_times": [{"torch.nn.modules.activation.Softmin": 0.6156435660086572, "torch.nn.modules.activation.SELU": 2.7571666897274554, "torch.nn.modules.activation.Tanhshrink": 4.723739501088858, "torch.nn.modules.activation.ReLU6": 3.119665270205587, "torch.nn.modules.activation.GELU": 3.236360930837691, "torch.nn.modules.activation.Tanh": 3.3076968821696937, "torch.nn.modules.activation.Softsign": 6.221179333049804, "torch.nn.modules.dropout.AlphaDropout": 1.383337311912328, "torch.nn.modules.activation.Sigmoid": 3.227087188977748, "torch.nn.modules.activation.LeakyReLU": 3.750611824914813, "torch.nn.modules.activation.PReLU": 3.3089327458292246, "torch.nn.modules.activation.LogSigmoid": 3.379569969139993, "torch.nn.modules.activation.RReLU": 3.3603038359433413, "torch.nn.modules.activation.Softshrink": 3.3241053777746856, "torch.nn.modules.activation.ELU": 3.3063074466772377, "torch.nn.modules.activation.CELU": 3.346467256080359, "torch.nn.modules.activation.Softplus": 3.329616508912295, "torch.nn.modules.dropout.Dropout": 1.6664278600364923, "torch.nn.modules.dropout.Dropout2d": 1.6704418221488595, "torch.nn.modules.activation.Softmax": 4.548667600844055, "torch.nn.modules.activation.Hardtanh": 3.8147633280605078, "torch.nn.modules.dropout.Dropout3d": 1.6772773549892008, "torch.nn.modules.activation.LogSoftmax": 3.6727544059976935, "torch.nn.modules.activation.Hardshrink": 3.7832752587273717, "torch.nn.modules.linear.Identity": 1.6669660699553788, "torch.nn.modules.activation.ReLU": 3.6679780506528914}, {"torch.nn.modules.activation.SELU": 3.7779390262439847, "torch.nn.modules.activation.Softplus": 3.3317094440571964, "torch.nn.modules.activation.LogSoftmax": 3.3388507631607354, "torch.nn.modules.activation.Softmax": 3.345586626790464, "torch.nn.modules.dropout.Dropout2d": 1.6802195897325873, "torch.nn.modules.activation.Tanh": 3.7259136880747974, "torch.nn.modules.dropout.Dropout": 2.113405826035887, "torch.nn.modules.activation.Softmin": 5.772235224023461, "torch.nn.modules.activation.CELU": 2.8091620728373528, "torch.nn.modules.activation.LogSigmoid": 3.1892788247205317, "torch.nn.modules.activation.RReLU": 3.356414055917412, "torch.nn.modules.linear.Identity": 1.6733940239064395, "torch.nn.modules.dropout.AlphaDropout": 1.665749341249466, "torch.nn.modules.activation.ELU": 4.485785719938576, "torch.nn.modules.dropout.Dropout3d": 2.128790488000959, "torch.nn.modules.activation.ReLU": 3.725161697715521, "torch.nn.modules.activation.ReLU6": 3.7845719177275896, "torch.nn.modules.activation.Softsign": 6.269386405590922, "torch.nn.modules.activation.LeakyReLU": 2.7788197589106858, "torch.nn.modules.activation.PReLU": 3.177877390757203, "torch.nn.modules.activation.Hardtanh": 3.406522120349109, "torch.nn.modules.activation.Sigmoid": 3.3581434190273285, "torch.nn.modules.activation.Tanhshrink": 4.959554042201489, "torch.nn.modules.activation.Softshrink": 3.164683910086751, "torch.nn.modules.activation.GELU": 3.276969386730343, "torch.nn.modules.activation.Hardshrink": 3.3397742472589016}, {"torch.nn.modules.activation.Softplus": 3.333262619096786, "torch.nn.modules.activation.LeakyReLU": 3.3421985297463834, "torch.nn.modules.dropout.AlphaDropout": 1.6715047671459615, "torch.nn.modules.dropout.Dropout": 1.6665679840371013, "torch.nn.modules.activation.Tanhshrink": 6.6572372443042696, "torch.nn.modules.activation.PReLU": 3.1637964281253517, "torch.nn.modules.activation.ReLU": 3.363289583940059, "torch.nn.modules.activation.ReLU6": 3.3613421213813126, "torch.nn.modules.activation.RReLU": 3.332701782230288, "torch.nn.modules.activation.ELU": 3.33297559292987, "torch.nn.modules.activation.SELU": 3.3754665148444474, "torch.nn.modules.activation.Softmin": 4.903612801805139, "torch.nn.modules.activation.GELU": 2.8163266368210316, "torch.nn.modules.activation.Softshrink": 3.207228546962142, "torch.nn.modules.activation.Softmax": 3.332035955041647, "torch.nn.modules.activation.Softsign": 6.329437207896262, "torch.nn.modules.activation.CELU": 2.7885877420194447, "torch.nn.modules.activation.LogSoftmax": 3.1902486733160913, "torch.nn.modules.activation.Hardshrink": 3.3456146349199116, "torch.nn.modules.activation.Tanh": 3.339055545628071, "torch.nn.modules.activation.Sigmoid": 3.3371981740929186, "torch.nn.modules.activation.Hardtanh": 3.3443516632542014, "torch.nn.modules.activation.LogSigmoid": 3.339098120108247, "torch.nn.modules.dropout.Dropout2d": 1.6752037103287876, "torch.nn.modules.dropout.Dropout3d": 1.686005303170532, "torch.nn.modules.linear.Identity": 2.032955165952444}], "device": "cuda", "test_chunk_size": 100000, "runs": 3, "outprefix": "servergpu", "parameters": {"test_size_cap": 100000, "track_impact": false, "train_epochs": 2000, "runs": 3, "device": "cuda", "outprefix": "servergpu", "scale": 7}, "hardware_name": "GeForce GTX 1080 Ti", "started_at": "Mon Jun  8 17:20:23 2020 CEST"}