{"train_epochs": 2000, "pred_items": 100, "train_times": {}, "pred_times": [{"torch.nn.modules.activation.Softmax": 0.0007655550725758076, "torch.nn.modules.activation.PReLU": 0.0005880282260477543, "torch.nn.modules.activation.Softmin": 0.0005029840394854546, "torch.nn.modules.activation.Tanh": 0.0003668838180601597, "torch.nn.modules.activation.LogSoftmax": 0.0003993818536400795, "torch.nn.modules.activation.GELU": 0.00031144311651587486, "torch.nn.modules.activation.Tanhshrink": 0.00044412771239876747, "torch.nn.modules.activation.LogSigmoid": 0.00035806233063340187, "torch.nn.modules.activation.Hardtanh": 0.0003722277469933033, "torch.nn.modules.activation.LeakyReLU": 0.0003229738213121891, "torch.nn.modules.activation.Softshrink": 0.0003111190162599087, "torch.nn.modules.activation.RReLU": 0.00042304396629333496, "torch.nn.modules.activation.Sigmoid": 0.00031899288296699524, "torch.nn.modules.dropout.Dropout": 0.00023307837545871735, "torch.nn.modules.activation.Hardshrink": 0.0003076381981372833, "torch.nn.modules.dropout.Dropout2d": 0.00020518433302640915, "torch.nn.modules.activation.Softsign": 0.0006402251310646534, "torch.nn.modules.activation.ReLU": 0.0003242087550461292, "torch.nn.modules.dropout.AlphaDropout": 0.0002245609648525715, "torch.nn.modules.activation.Softplus": 0.00032572634518146515, "torch.nn.modules.activation.CELU": 0.0003316379152238369, "torch.nn.modules.linear.Identity": 0.0001509818248450756, "torch.nn.modules.activation.ReLU6": 0.00026921601966023445, "torch.nn.modules.activation.ELU": 0.00029367720708251, "torch.nn.modules.dropout.Dropout3d": 0.00016230298206210136, "torch.nn.modules.activation.SELU": 0.0002827388234436512}, {"torch.nn.modules.activation.ELU": 0.00029700901359319687, "torch.nn.modules.activation.PReLU": 0.0002697319723665714, "torch.nn.modules.activation.Softplus": 0.00023923395201563835, "torch.nn.modules.activation.LogSoftmax": 0.00028548575937747955, "torch.nn.modules.activation.RReLU": 0.0002765529789030552, "torch.nn.modules.dropout.Dropout": 0.0002027982845902443, "torch.nn.modules.activation.ReLU6": 0.0002484009601175785, "torch.nn.modules.activation.Softshrink": 0.0002280338667333126, "torch.nn.modules.activation.Tanh": 0.00022986996918916702, "torch.nn.modules.activation.CELU": 0.0002398453652858734, "torch.nn.modules.activation.Softmax": 0.0002883812412619591, "torch.nn.modules.dropout.Dropout3d": 0.00015440769493579865, "torch.nn.modules.activation.LeakyReLU": 0.0002316976897418499, "torch.nn.modules.activation.Tanhshrink": 0.0003215237520635128, "torch.nn.modules.activation.Hardshrink": 0.0002461029216647148, "torch.nn.modules.activation.Sigmoid": 0.00022895727306604385, "torch.nn.modules.dropout.AlphaDropout": 0.0001509329304099083, "torch.nn.modules.activation.LogSigmoid": 0.00022538797929883003, "torch.nn.modules.activation.GELU": 0.00022758310660719872, "torch.nn.modules.dropout.Dropout2d": 0.00015147216618061066, "torch.nn.modules.activation.Softmin": 0.0003658509813249111, "torch.nn.modules.activation.Hardtanh": 0.00024854810908436775, "torch.nn.modules.activation.SELU": 0.00025056395679712296, "torch.nn.modules.linear.Identity": 0.00013555912300944328, "torch.nn.modules.activation.Softsign": 0.0004255017265677452, "torch.nn.modules.activation.ReLU": 0.00024736393243074417}, {"torch.nn.modules.activation.ReLU": 0.00029353098943829536, "torch.nn.modules.dropout.Dropout": 0.00016047293320298195, "torch.nn.modules.dropout.AlphaDropout": 0.00015063397586345673, "torch.nn.modules.activation.LogSoftmax": 0.0002851760946214199, "torch.nn.modules.activation.LogSigmoid": 0.00025744782760739326, "torch.nn.modules.activation.GELU": 0.00023008231073617935, "torch.nn.modules.dropout.Dropout2d": 0.0001519140787422657, "torch.nn.modules.activation.SELU": 0.00023301923647522926, "torch.nn.modules.activation.Softmin": 0.00036734994500875473, "torch.nn.modules.activation.Tanh": 0.00023317988961935043, "torch.nn.modules.activation.RReLU": 0.0003113984130322933, "torch.nn.modules.activation.ReLU6": 0.0002490147016942501, "torch.nn.modules.dropout.Dropout3d": 0.00015349406749010086, "torch.nn.modules.activation.CELU": 0.00023754732683300972, "torch.nn.modules.linear.Identity": 0.00013292580842971802, "torch.nn.modules.activation.Softmax": 0.00027944380417466164, "torch.nn.modules.activation.Softplus": 0.00023641809821128845, "torch.nn.modules.activation.Hardtanh": 0.00024601398035883904, "torch.nn.modules.activation.PReLU": 0.0002634362317621708, "torch.nn.modules.activation.Softsign": 0.00042432965710759163, "torch.nn.modules.activation.Sigmoid": 0.0002405545674264431, "torch.nn.modules.activation.Hardshrink": 0.00023826723918318748, "torch.nn.modules.activation.Softshrink": 0.00022697309032082558, "torch.nn.modules.activation.Tanhshrink": 0.000320610124617815, "torch.nn.modules.activation.LeakyReLU": 0.00023525115102529526, "torch.nn.modules.activation.ELU": 0.0002475930377840996}], "device": "cuda", "test_chunk_size": 100, "runs": 3, "outprefix": "servergpu", "parameters": {"test_size_cap": 100000, "track_impact": false, "train_epochs": 2000, "runs": 3, "device": "cuda", "outprefix": "servergpu", "scale": 2}, "hardware_name": "GeForce GTX 1080 Ti", "started_at": "Mon Jun  8 17:15:29 2020 CEST"}