{"train_epochs": 2000, "pred_items": 1000000, "train_times": {}, "pred_times": [{"torch.nn.modules.activation.ELU": 0.006893404293805361, "torch.nn.modules.activation.Softsign": 0.009916702285408974, "torch.nn.modules.dropout.AlphaDropout": 0.0014768010005354881, "torch.nn.modules.activation.SELU": 0.002235524822026491, "torch.nn.modules.dropout.Dropout2d": 0.0014461870305240154, "torch.nn.modules.activation.CELU": 0.0022547775879502296, "torch.nn.modules.activation.Hardshrink": 0.0022895121946930885, "torch.nn.modules.activation.ReLU": 0.002208162099123001, "torch.nn.modules.activation.Softplus": 0.002198676113039255, "torch.nn.modules.dropout.Dropout": 0.0014419597573578358, "torch.nn.modules.activation.LeakyReLU": 0.002178703900426626, "torch.nn.modules.dropout.Dropout3d": 0.00137729337438941, "torch.nn.modules.activation.PReLU": 0.002463642042130232, "torch.nn.modules.activation.LogSoftmax": 0.046655964106321335, "torch.nn.modules.activation.Sigmoid": 0.3169121048413217, "torch.nn.modules.activation.Tanh": 0.27287524519488215, "torch.nn.modules.activation.Softmax": 0.31307043600827456, "torch.nn.modules.activation.Tanhshrink": 0.5640856958925724, "torch.nn.modules.activation.Hardtanh": 0.3706241031177342, "torch.nn.modules.linear.Identity": 0.16215940285474062, "torch.nn.modules.activation.LogSigmoid": 0.3248063731007278, "torch.nn.modules.activation.GELU": 0.32266716100275517, "torch.nn.modules.activation.Softshrink": 0.3593173907138407, "torch.nn.modules.activation.RReLU": 0.37583503406494856, "torch.nn.modules.activation.ReLU6": 0.40489361993968487, "torch.nn.modules.activation.Softmin": 0.49516252567991614}, {"torch.nn.modules.activation.Softmax": 0.32392542716115713, "torch.nn.modules.activation.LogSigmoid": 0.32477812794968486, "torch.nn.modules.activation.Softshrink": 0.3275127778761089, "torch.nn.modules.dropout.Dropout2d": 0.15811191266402602, "torch.nn.modules.activation.LogSoftmax": 0.3160648988559842, "torch.nn.modules.activation.Softmin": 0.5120876180008054, "torch.nn.modules.activation.Tanhshrink": 0.5391786857508123, "torch.nn.modules.activation.Tanh": 0.32628512009978294, "torch.nn.modules.activation.PReLU": 0.3242445830255747, "torch.nn.modules.activation.SELU": 0.3257459718734026, "torch.nn.modules.activation.LeakyReLU": 0.31164445588365197, "torch.nn.modules.activation.CELU": 0.2798473429866135, "torch.nn.modules.activation.Sigmoid": 0.3142680050805211, "torch.nn.modules.activation.ELU": 0.32824600813910365, "torch.nn.modules.linear.Identity": 0.1640985207632184, "torch.nn.modules.dropout.Dropout": 0.1630213987082243, "torch.nn.modules.activation.ReLU": 0.4025426870211959, "torch.nn.modules.activation.Softplus": 0.3141414620913565, "torch.nn.modules.activation.RReLU": 0.28029985912144184, "torch.nn.modules.activation.ReLU6": 0.29176490753889084, "torch.nn.modules.dropout.Dropout3d": 0.16317041078582406, "torch.nn.modules.activation.GELU": 0.32026135409250855, "torch.nn.modules.dropout.AlphaDropout": 0.16485107596963644, "torch.nn.modules.activation.Hardtanh": 0.33132459316402674, "torch.nn.modules.activation.Softsign": 0.6525406199507415, "torch.nn.modules.activation.Hardshrink": 0.32814236264675856}, {"torch.nn.modules.activation.Softmin": 0.4941995469853282, "torch.nn.modules.activation.ReLU6": 0.438782115932554, "torch.nn.modules.activation.RReLU": 0.37791207898408175, "torch.nn.modules.activation.Hardtanh": 0.32700775004923344, "torch.nn.modules.dropout.Dropout2d": 0.16404483234509826, "torch.nn.modules.dropout.Dropout3d": 0.16332776099443436, "torch.nn.modules.activation.Softshrink": 0.3266265238635242, "torch.nn.modules.dropout.Dropout": 0.19311926513910294, "torch.nn.modules.activation.PReLU": 0.3756330329924822, "torch.nn.modules.activation.Tanh": 0.40427519381046295, "torch.nn.modules.activation.Hardshrink": 0.31807710602879524, "torch.nn.modules.activation.LogSigmoid": 0.2760167811065912, "torch.nn.modules.activation.Softsign": 0.5958400839008391, "torch.nn.modules.dropout.AlphaDropout": 0.13424892909824848, "torch.nn.modules.activation.Softmax": 0.2924314676783979, "torch.nn.modules.activation.Softplus": 0.32683348981663585, "torch.nn.modules.linear.Identity": 0.16379270888864994, "torch.nn.modules.activation.Tanhshrink": 0.5205391342751682, "torch.nn.modules.activation.ReLU": 0.451723154168576, "torch.nn.modules.activation.SELU": 0.36146744387224317, "torch.nn.modules.activation.CELU": 0.3842657096683979, "torch.nn.modules.activation.Sigmoid": 0.33125182427465916, "torch.nn.modules.activation.LogSoftmax": 0.32785265473648906, "torch.nn.modules.activation.ELU": 0.3287548143416643, "torch.nn.modules.activation.LeakyReLU": 0.2859995779581368, "torch.nn.modules.activation.GELU": 0.2754142922349274}], "device": "cuda", "test_chunk_size": 100000, "runs": 3, "outprefix": "servergpu", "parameters": {"test_size_cap": 100000, "track_impact": false, "train_epochs": 2000, "runs": 3, "device": "cuda", "outprefix": "servergpu", "scale": 6}, "hardware_name": "GeForce GTX 1080 Ti", "started_at": "Mon Jun  8 17:16:04 2020 CEST"}