{"train_epochs": 2000, "pred_items": 100000000, "train_times": {}, "pred_times": [{"torch.nn.modules.activation.Sigmoid": 28.91145749995485, "torch.nn.modules.linear.Identity": 22.441365770995617, "torch.nn.modules.activation.Hardshrink": 35.08899510791525, "torch.nn.modules.activation.GELU": 33.3227317892015, "torch.nn.modules.activation.Hardtanh": 33.3024656441994, "torch.nn.modules.activation.PReLU": 34.336506077088416, "torch.nn.modules.activation.RReLU": 33.52477773837745, "torch.nn.modules.activation.Softplus": 33.555336844641715, "torch.nn.modules.activation.CELU": 33.50851402292028, "torch.nn.modules.activation.Softshrink": 33.30320667894557, "torch.nn.modules.activation.LogSigmoid": 33.723077015951276, "torch.nn.modules.activation.Softmax": 34.01783493813127, "torch.nn.modules.activation.SELU": 33.54647486517206, "torch.nn.modules.activation.LeakyReLU": 33.443309685681015, "torch.nn.modules.dropout.AlphaDropout": 22.71664017997682, "torch.nn.modules.activation.Softsign": 58.51744351303205, "torch.nn.modules.activation.Tanhshrink": 46.90663325507194, "torch.nn.modules.activation.ReLU6": 33.15491795632988, "torch.nn.modules.dropout.Dropout3d": 22.769730697851628, "torch.nn.modules.activation.Tanh": 35.59500151127577, "torch.nn.modules.activation.ELU": 33.96789059881121, "torch.nn.modules.activation.ReLU": 33.58169353520498, "torch.nn.modules.activation.LogSoftmax": 33.66401160787791, "torch.nn.modules.dropout.Dropout": 23.525532204657793, "torch.nn.modules.dropout.Dropout2d": 25.11773510230705, "torch.nn.modules.activation.Softmin": 45.152537466958165}, {"torch.nn.modules.activation.Hardshrink": 32.788586621172726, "torch.nn.modules.activation.SELU": 33.54038469772786, "torch.nn.modules.activation.ReLU6": 33.48304165666923, "torch.nn.modules.activation.ReLU": 33.52297924878076, "torch.nn.modules.dropout.Dropout": 23.523701519239694, "torch.nn.modules.activation.Softshrink": 35.767372072674334, "torch.nn.modules.activation.Hardtanh": 33.52969413390383, "torch.nn.modules.activation.Softmax": 34.09545014286414, "torch.nn.modules.activation.Softsign": 56.699806007090956, "torch.nn.modules.activation.Softplus": 32.932975413277745, "torch.nn.modules.activation.RReLU": 33.54352887859568, "torch.nn.modules.activation.LeakyReLU": 33.526205841917545, "torch.nn.modules.dropout.Dropout3d": 22.82033360004425, "torch.nn.modules.activation.Tanh": 35.66022089123726, "torch.nn.modules.activation.GELU": 33.72146855387837, "torch.nn.modules.activation.LogSoftmax": 33.695909219793975, "torch.nn.modules.linear.Identity": 22.824332057032734, "torch.nn.modules.activation.LogSigmoid": 36.00611118180677, "torch.nn.modules.activation.Softmin": 43.197042474057525, "torch.nn.modules.dropout.AlphaDropout": 22.183634052053094, "torch.nn.modules.dropout.Dropout2d": 24.947136680129915, "torch.nn.modules.activation.Tanhshrink": 49.982104607857764, "torch.nn.modules.activation.CELU": 33.36816687276587, "torch.nn.modules.activation.ELU": 34.0315302060917, "torch.nn.modules.activation.PReLU": 34.55202213488519, "torch.nn.modules.activation.Sigmoid": 33.79014037596062}, {"torch.nn.modules.activation.LogSoftmax": 33.723139205016196, "torch.nn.modules.dropout.Dropout3d": 22.889625552110374, "torch.nn.modules.activation.Softshrink": 35.5553208142519, "torch.nn.modules.dropout.Dropout": 23.554304633289576, "torch.nn.modules.dropout.AlphaDropout": 25.196958317887038, "torch.nn.modules.activation.ReLU6": 35.63513041706756, "torch.nn.modules.activation.LogSigmoid": 33.92656631581485, "torch.nn.modules.activation.LeakyReLU": 33.603802767116576, "torch.nn.modules.activation.RReLU": 33.55459831608459, "torch.nn.modules.activation.Softmin": 43.12452889978886, "torch.nn.modules.activation.ReLU": 32.875297201797366, "torch.nn.modules.activation.Tanh": 33.5976323322393, "torch.nn.modules.activation.CELU": 33.59302066732198, "torch.nn.modules.activation.GELU": 33.74870617501438, "torch.nn.modules.activation.Tanhshrink": 47.891101052984595, "torch.nn.modules.activation.Softsign": 56.41400854010135, "torch.nn.modules.activation.PReLU": 33.69685419416055, "torch.nn.modules.activation.Softplus": 33.81242323294282, "torch.nn.modules.activation.SELU": 33.611323873046786, "torch.nn.modules.activation.Hardtanh": 33.5505204340443, "torch.nn.modules.linear.Identity": 22.852793258149177, "torch.nn.modules.dropout.Dropout2d": 24.947164449840784, "torch.nn.modules.activation.Hardshrink": 35.60423295805231, "torch.nn.modules.activation.ELU": 33.99812693614513, "torch.nn.modules.activation.Softmax": 34.16796059999615, "torch.nn.modules.activation.Sigmoid": 33.734398850705475}], "device": "cuda", "test_chunk_size": 100000, "runs": 3, "outprefix": "servergpu", "parameters": {"test_size_cap": 100000, "track_impact": false, "train_epochs": 2000, "runs": 3, "device": "cuda", "outprefix": "servergpu", "scale": 8}, "hardware_name": "GeForce GTX 1080 Ti", "started_at": "Mon Jun  8 18:04:14 2020 CEST"}