{"train_epochs": 2000, "pred_items": 10, "train_times": {}, "pred_times": [{"torch.nn.modules.activation.ReLU6": 0.00041120313107967377, "torch.nn.modules.activation.PReLU": 0.000499294139444828, "torch.nn.modules.activation.ELU": 0.0002934136427938938, "torch.nn.modules.activation.GELU": 0.0002588648349046707, "torch.nn.modules.activation.Tanhshrink": 0.00041562970727682114, "torch.nn.modules.linear.Identity": 0.00014089886099100113, "torch.nn.modules.dropout.AlphaDropout": 0.00020589306950569153, "torch.nn.modules.dropout.Dropout": 0.00018126703798770905, "torch.nn.modules.activation.ReLU": 0.0002709398977458477, "torch.nn.modules.activation.Sigmoid": 0.0002900362014770508, "torch.nn.modules.dropout.Dropout2d": 0.00017994781956076622, "torch.nn.modules.activation.Softshrink": 0.0002660970203578472, "torch.nn.modules.activation.CELU": 0.0002658120356500149, "torch.nn.modules.activation.Softmin": 0.0004584132693707943, "torch.nn.modules.activation.Softsign": 0.0005387649871408939, "torch.nn.modules.activation.LogSoftmax": 0.00033443327993154526, "torch.nn.modules.activation.RReLU": 0.0003428529016673565, "torch.nn.modules.dropout.Dropout3d": 0.00016326503828167915, "torch.nn.modules.activation.Softmax": 0.00027722399681806564, "torch.nn.modules.activation.Softplus": 0.00027730269357562065, "torch.nn.modules.activation.SELU": 0.0002551088109612465, "torch.nn.modules.activation.LeakyReLU": 0.0002654329873621464, "torch.nn.modules.activation.LogSigmoid": 0.00026478804647922516, "torch.nn.modules.activation.Hardshrink": 0.00027384376153349876, "torch.nn.modules.activation.Hardtanh": 0.0002428349107503891, "torch.nn.modules.activation.Tanh": 0.00024803727865219116}, {"torch.nn.modules.activation.ReLU6": 0.0002853740006685257, "torch.nn.modules.activation.GELU": 0.00022542383521795273, "torch.nn.modules.activation.Softmax": 0.00028236210346221924, "torch.nn.modules.activation.Softsign": 0.00042322278022766113, "torch.nn.modules.activation.ReLU": 0.00023063598200678825, "torch.nn.modules.activation.ELU": 0.00022576330229640007, "torch.nn.modules.activation.PReLU": 0.00027116481214761734, "torch.nn.modules.dropout.Dropout3d": 0.00014891894534230232, "torch.nn.modules.activation.Hardshrink": 0.00022238027304410934, "torch.nn.modules.activation.LogSigmoid": 0.0002194116823375225, "torch.nn.modules.activation.SELU": 0.00022391881793737411, "torch.nn.modules.activation.Hardtanh": 0.0002337493933737278, "torch.nn.modules.activation.Tanh": 0.0002209637314081192, "torch.nn.modules.dropout.AlphaDropout": 0.00014670798555016518, "torch.nn.modules.activation.Sigmoid": 0.00021738233044743538, "torch.nn.modules.dropout.Dropout": 0.00014553219079971313, "torch.nn.modules.activation.LeakyReLU": 0.00021884683519601822, "torch.nn.modules.activation.Tanhshrink": 0.00030406005680561066, "torch.nn.modules.activation.Softshrink": 0.0002138209529221058, "torch.nn.modules.dropout.Dropout2d": 0.00015188520774245262, "torch.nn.modules.activation.RReLU": 0.0002546161413192749, "torch.nn.modules.linear.Identity": 0.00013229111209511757, "torch.nn.modules.activation.LogSoftmax": 0.00026760296896100044, "torch.nn.modules.activation.Softmin": 0.00034778378903865814, "torch.nn.modules.activation.Softplus": 0.00023843860253691673, "torch.nn.modules.activation.CELU": 0.00022651581093668938}, {"torch.nn.modules.activation.ELU": 0.00027380557730793953, "torch.nn.modules.activation.Sigmoid": 0.00022959895431995392, "torch.nn.modules.dropout.AlphaDropout": 0.00015039416030049324, "torch.nn.modules.dropout.Dropout2d": 0.0001435740850865841, "torch.nn.modules.activation.CELU": 0.0002243518829345703, "torch.nn.modules.activation.Tanhshrink": 0.0003053918480873108, "torch.nn.modules.activation.Hardshrink": 0.00022924086079001427, "torch.nn.modules.activation.LogSigmoid": 0.00022039515897631645, "torch.nn.modules.activation.Softmax": 0.00027247099205851555, "torch.nn.modules.activation.Softmin": 0.0003458373248577118, "torch.nn.modules.activation.GELU": 0.00021958397701382637, "torch.nn.modules.activation.LogSoftmax": 0.0002617579884827137, "torch.nn.modules.activation.Softshrink": 0.00023188022896647453, "torch.nn.modules.activation.Tanh": 0.00022054091095924377, "torch.nn.modules.activation.Softplus": 0.00021874532103538513, "torch.nn.modules.linear.Identity": 0.00013074791058897972, "torch.nn.modules.activation.Softsign": 0.0004012049175798893, "torch.nn.modules.activation.Hardtanh": 0.00024360837414860725, "torch.nn.modules.activation.LeakyReLU": 0.00022461498156189919, "torch.nn.modules.activation.ReLU6": 0.00023620901629328728, "torch.nn.modules.activation.SELU": 0.00022147689014673233, "torch.nn.modules.dropout.Dropout3d": 0.0001465710811316967, "torch.nn.modules.activation.PReLU": 0.00025012576952576637, "torch.nn.modules.activation.RReLU": 0.000258489977568388, "torch.nn.modules.activation.ReLU": 0.00022576842457056046, "torch.nn.modules.dropout.Dropout": 0.00014832522720098495}], "device": "cuda", "test_chunk_size": 10, "runs": 3, "outprefix": "servergpu", "parameters": {"test_size_cap": 100000, "track_impact": false, "train_epochs": 2000, "runs": 3, "device": "cuda", "outprefix": "servergpu", "scale": 1}, "hardware_name": "GeForce GTX 1080 Ti", "started_at": "Mon Jun  8 17:15:26 2020 CEST"}