{"train_epochs": 2000, "pred_items": 10000, "train_times": {}, "pred_times": [{"torch.nn.modules.dropout.AlphaDropout": 0.0005953139625489712, "torch.nn.modules.activation.ReLU": 0.0012722453102469444, "torch.nn.modules.dropout.Dropout2d": 0.0002071303315460682, "torch.nn.modules.activation.Softmax": 0.0004244972951710224, "torch.nn.modules.activation.RReLU": 0.007096000015735626, "torch.nn.modules.activation.Sigmoid": 0.0003325329162180424, "torch.nn.modules.activation.Hardshrink": 0.0003068409860134125, "torch.nn.modules.activation.Hardtanh": 0.0003413190133869648, "torch.nn.modules.activation.Softsign": 0.0006635477766394615, "torch.nn.modules.activation.ReLU6": 0.00024972110986709595, "torch.nn.modules.dropout.Dropout3d": 0.00015338324010372162, "torch.nn.modules.activation.Tanh": 0.0002813362516462803, "torch.nn.modules.activation.ELU": 0.0002977261319756508, "torch.nn.modules.activation.CELU": 0.0002708807587623596, "torch.nn.modules.activation.LogSigmoid": 0.0002987622283399105, "torch.nn.modules.dropout.Dropout": 0.00020080571994185448, "torch.nn.modules.activation.Softshrink": 0.00027988897636532784, "torch.nn.modules.activation.PReLU": 0.00030716974288225174, "torch.nn.modules.linear.Identity": 0.00013646576553583145, "torch.nn.modules.activation.Softplus": 0.00027378927916288376, "torch.nn.modules.activation.SELU": 0.0002591768279671669, "torch.nn.modules.activation.LogSoftmax": 0.0003738757222890854, "torch.nn.modules.activation.LeakyReLU": 0.00031686481088399887, "torch.nn.modules.activation.Softmin": 0.0004188776947557926, "torch.nn.modules.activation.GELU": 0.0002634907141327858, "torch.nn.modules.activation.Tanhshrink": 0.0003635440953075886}, {"torch.nn.modules.activation.Softshrink": 0.0003265039995312691, "torch.nn.modules.activation.Sigmoid": 0.0002238512970507145, "torch.nn.modules.activation.GELU": 0.00021947920322418213, "torch.nn.modules.activation.ELU": 0.0002209758386015892, "torch.nn.modules.activation.CELU": 0.00022738799452781677, "torch.nn.modules.activation.Tanh": 0.00021689431741833687, "torch.nn.modules.activation.Hardshrink": 0.0002207229845225811, "torch.nn.modules.activation.SELU": 0.00023074960336089134, "torch.nn.modules.dropout.Dropout3d": 0.00014789262786507607, "torch.nn.modules.activation.Softmax": 0.00026813987642526627, "torch.nn.modules.activation.Softsign": 0.0004106229171156883, "torch.nn.modules.activation.PReLU": 0.00025498075410723686, "torch.nn.modules.dropout.Dropout2d": 0.00014835083857178688, "torch.nn.modules.activation.Softmin": 0.00034930137917399406, "torch.nn.modules.activation.Hardtanh": 0.00023521529510617256, "torch.nn.modules.activation.ReLU6": 0.00022950675338506699, "torch.nn.modules.activation.Tanhshrink": 0.0003034858964383602, "torch.nn.modules.activation.ReLU": 0.00022297073155641556, "torch.nn.modules.dropout.Dropout": 0.00014629121869802475, "torch.nn.modules.dropout.AlphaDropout": 0.00014765188097953796, "torch.nn.modules.activation.LeakyReLU": 0.0002235323190689087, "torch.nn.modules.activation.LogSoftmax": 0.00026713358238339424, "torch.nn.modules.linear.Identity": 0.000132095068693161, "torch.nn.modules.activation.RReLU": 0.0002491581253707409, "torch.nn.modules.activation.Softplus": 0.0002316669560968876, "torch.nn.modules.activation.LogSigmoid": 0.0002214992418885231}, {"torch.nn.modules.activation.Softsign": 0.00047328369691967964, "torch.nn.modules.dropout.Dropout3d": 0.00015794206410646439, "torch.nn.modules.activation.PReLU": 0.0002524731680750847, "torch.nn.modules.dropout.Dropout2d": 0.0001462399959564209, "torch.nn.modules.activation.Hardtanh": 0.0002338159829378128, "torch.nn.modules.activation.RReLU": 0.0002513621002435684, "torch.nn.modules.dropout.AlphaDropout": 0.00014721276238560677, "torch.nn.modules.activation.Softshrink": 0.00021433783695101738, "torch.nn.modules.activation.ReLU": 0.0002198689617216587, "torch.nn.modules.dropout.Dropout": 0.0001453203149139881, "torch.nn.modules.activation.ReLU6": 0.00022764503955841064, "torch.nn.modules.activation.CELU": 0.00022505596280097961, "torch.nn.modules.linear.Identity": 0.00012889504432678223, "torch.nn.modules.activation.GELU": 0.0002137008123099804, "torch.nn.modules.activation.LogSigmoid": 0.00023532286286354065, "torch.nn.modules.activation.Hardshrink": 0.0002235332503914833, "torch.nn.modules.activation.Tanh": 0.00021717417985200882, "torch.nn.modules.activation.Sigmoid": 0.00021643470972776413, "torch.nn.modules.activation.Tanhshrink": 0.00029945187270641327, "torch.nn.modules.activation.Softplus": 0.00021819397807121277, "torch.nn.modules.activation.LeakyReLU": 0.00022674491629004478, "torch.nn.modules.activation.SELU": 0.00021796207875013351, "torch.nn.modules.activation.LogSoftmax": 0.00029258010908961296, "torch.nn.modules.activation.Softmax": 0.0002639894373714924, "torch.nn.modules.activation.ELU": 0.00021922681480646133, "torch.nn.modules.activation.Softmin": 0.0003448883071541786}], "device": "cuda", "test_chunk_size": 10000, "runs": 3, "outprefix": "servergpu", "parameters": {"test_size_cap": 100000, "track_impact": false, "train_epochs": 2000, "runs": 3, "device": "cuda", "outprefix": "servergpu", "scale": 4}, "hardware_name": "GeForce GTX 1080 Ti", "started_at": "Mon Jun  8 17:15:35 2020 CEST"}