{"train_epochs": 2000, "pred_items": 1, "train_times": {}, "pred_times": [{"torch.nn.modules.activation.LogSigmoid": 0.00045755505561828613, "torch.nn.modules.activation.Softmax": 0.00040053995326161385, "torch.nn.modules.activation.ELU": 0.00031351903453469276, "torch.nn.modules.activation.Tanhshrink": 0.0004262584261596203, "torch.nn.modules.dropout.Dropout2d": 0.00020646024495363235, "torch.nn.modules.activation.ReLU": 0.00032989075407385826, "torch.nn.modules.activation.CELU": 0.00028782105073332787, "torch.nn.modules.activation.Tanh": 0.0002554710954427719, "torch.nn.modules.activation.Hardshrink": 0.0002927379682660103, "torch.nn.modules.activation.ReLU6": 0.0002942061983048916, "torch.nn.modules.activation.PReLU": 0.00030596181750297546, "torch.nn.modules.dropout.AlphaDropout": 0.00017954502254724503, "torch.nn.modules.dropout.Dropout3d": 0.00015565520152449608, "torch.nn.modules.activation.LogSoftmax": 0.00033780187368392944, "torch.nn.modules.activation.RReLU": 0.0003431406803429127, "torch.nn.modules.activation.Softplus": 0.0002704169601202011, "torch.nn.modules.activation.Softshrink": 0.00026348885148763657, "torch.nn.modules.activation.Softsign": 0.0005499697290360928, "torch.nn.modules.linear.Identity": 0.00014765700325369835, "torch.nn.modules.activation.GELU": 0.0003005200996994972, "torch.nn.modules.activation.Hardtanh": 0.0002532382495701313, "torch.nn.modules.activation.SELU": 0.00026513077318668365, "torch.nn.modules.activation.Softmin": 0.00040480634197592735, "torch.nn.modules.activation.Sigmoid": 0.00027209892868995667, "torch.nn.modules.activation.LeakyReLU": 0.0002902247942984104, "torch.nn.modules.dropout.Dropout": 0.00020221015438437462}, {"torch.nn.modules.activation.Tanhshrink": 0.00044530676677823067, "torch.nn.modules.activation.SELU": 0.00024526892229914665, "torch.nn.modules.activation.Softshrink": 0.0002304399386048317, "torch.nn.modules.activation.Softmax": 0.0002804589457809925, "torch.nn.modules.activation.Tanh": 0.00022786902263760567, "torch.nn.modules.activation.PReLU": 0.00027900515124201775, "torch.nn.modules.dropout.Dropout": 0.00015992112457752228, "torch.nn.modules.dropout.Dropout2d": 0.0001521306112408638, "torch.nn.modules.dropout.AlphaDropout": 0.0001504397951066494, "torch.nn.modules.activation.GELU": 0.00022324221208691597, "torch.nn.modules.activation.Softplus": 0.00022854609414935112, "torch.nn.modules.activation.Hardshrink": 0.00023068301379680634, "torch.nn.modules.activation.Softmin": 0.0003573847934603691, "torch.nn.modules.activation.ELU": 0.00023928796872496605, "torch.nn.modules.activation.Hardtanh": 0.00024488894268870354, "torch.nn.modules.activation.Sigmoid": 0.0002295263111591339, "torch.nn.modules.linear.Identity": 0.00013656914234161377, "torch.nn.modules.activation.CELU": 0.0002323589287698269, "torch.nn.modules.dropout.Dropout3d": 0.0001503312960267067, "torch.nn.modules.activation.Softsign": 0.00041590025648474693, "torch.nn.modules.activation.LogSigmoid": 0.0002320883795619011, "torch.nn.modules.activation.ReLU": 0.00023881811648607254, "torch.nn.modules.activation.LeakyReLU": 0.00025020260363817215, "torch.nn.modules.activation.LogSoftmax": 0.00027804821729660034, "torch.nn.modules.activation.RReLU": 0.0002642371691763401, "torch.nn.modules.activation.ReLU6": 0.0002428828738629818}, {"torch.nn.modules.activation.LogSigmoid": 0.0003539132885634899, "torch.nn.modules.activation.Sigmoid": 0.0002417820505797863, "torch.nn.modules.activation.RReLU": 0.0002686339430510998, "torch.nn.modules.activation.Softplus": 0.0002342849038541317, "torch.nn.modules.activation.Softmin": 0.00036139320582151413, "torch.nn.modules.activation.Softsign": 0.00042450474575161934, "torch.nn.modules.linear.Identity": 0.00014527933672070503, "torch.nn.modules.activation.Tanhshrink": 0.00031108641996979713, "torch.nn.modules.dropout.Dropout": 0.0001750611700117588, "torch.nn.modules.activation.Hardshrink": 0.00023406697437167168, "torch.nn.modules.activation.Hardtanh": 0.00024096574634313583, "torch.nn.modules.activation.PReLU": 0.0002591181546449661, "torch.nn.modules.activation.Softshrink": 0.0002247910015285015, "torch.nn.modules.activation.GELU": 0.0002220282331109047, "torch.nn.modules.activation.ReLU": 0.00022822292521595955, "torch.nn.modules.activation.Tanh": 0.00022472301498055458, "torch.nn.modules.activation.ReLU6": 0.00023989006876945496, "torch.nn.modules.dropout.Dropout2d": 0.00015533389523625374, "torch.nn.modules.activation.LogSoftmax": 0.0002752463333308697, "torch.nn.modules.activation.ELU": 0.00023508304730057716, "torch.nn.modules.activation.LeakyReLU": 0.00023054098710417747, "torch.nn.modules.dropout.AlphaDropout": 0.00015399232506752014, "torch.nn.modules.activation.SELU": 0.00022750720381736755, "torch.nn.modules.activation.CELU": 0.00023646187037229538, "torch.nn.modules.activation.Softmax": 0.0002747969701886177, "torch.nn.modules.dropout.Dropout3d": 0.00015458930283784866}], "device": "cuda", "test_chunk_size": 1, "runs": 3, "outprefix": "servergpu", "parameters": {"test_size_cap": 100000, "track_impact": false, "train_epochs": 2000, "runs": 3, "device": "cuda", "outprefix": "servergpu", "scale": 0}, "hardware_name": "GeForce GTX 1080 Ti", "started_at": "Mon Jun  8 17:15:23 2020 CEST"}