{"train_epochs": 2000, "pred_items": 100000, "train_times": {}, "pred_times": [{"torch.nn.modules.dropout.AlphaDropout": 0.000894688069820404, "torch.nn.modules.activation.LogSigmoid": 0.0031256680376827717, "torch.nn.modules.activation.CELU": 0.0020548710599541664, "torch.nn.modules.activation.Softshrink": 0.000333624891936779, "torch.nn.modules.activation.Softplus": 0.0008766045793890953, "torch.nn.modules.activation.Hardtanh": 0.0003998801112174988, "torch.nn.modules.activation.Tanh": 0.000336318276822567, "torch.nn.modules.activation.ELU": 0.00028635188937187195, "torch.nn.modules.activation.Softsign": 0.0023689232766628265, "torch.nn.modules.activation.SELU": 0.00030860817059874535, "torch.nn.modules.activation.Sigmoid": 0.00030991295352578163, "torch.nn.modules.activation.ReLU": 0.00033162813633680344, "torch.nn.modules.dropout.Dropout2d": 0.0002080760896205902, "torch.nn.modules.activation.Hardshrink": 0.0003203069791197777, "torch.nn.modules.activation.PReLU": 0.0003420580178499222, "torch.nn.modules.activation.Softmin": 0.0005510356277227402, "torch.nn.modules.activation.Tanhshrink": 0.0009714029729366302, "torch.nn.modules.dropout.Dropout3d": 0.00016751466318964958, "torch.nn.modules.dropout.Dropout": 0.0002027926966547966, "torch.nn.modules.activation.RReLU": 0.00037321820855140686, "torch.nn.modules.activation.LogSoftmax": 0.00038107670843601227, "torch.nn.modules.activation.ReLU6": 0.0002651331014931202, "torch.nn.modules.linear.Identity": 0.00014397082850337029, "torch.nn.modules.activation.GELU": 0.00027365610003471375, "torch.nn.modules.activation.Softmax": 0.00029073888435959816, "torch.nn.modules.activation.LeakyReLU": 0.0003065899945795536}, {"torch.nn.modules.activation.Sigmoid": 0.0002879681997001171, "torch.nn.modules.dropout.AlphaDropout": 0.00015946989879012108, "torch.nn.modules.activation.LogSoftmax": 0.00027954205870628357, "torch.nn.modules.activation.PReLU": 0.00028182798996567726, "torch.nn.modules.activation.Softsign": 0.0004366440698504448, "torch.nn.modules.activation.Softshrink": 0.00025327596813440323, "torch.nn.modules.activation.ReLU": 0.0002352530136704445, "torch.nn.modules.linear.Identity": 0.00013711769133806229, "torch.nn.modules.activation.Tanh": 0.00022304104641079903, "torch.nn.modules.activation.SELU": 0.0002267519012093544, "torch.nn.modules.activation.LeakyReLU": 0.00023490004241466522, "torch.nn.modules.dropout.Dropout3d": 0.00015259115025401115, "torch.nn.modules.activation.Tanhshrink": 0.0003159050829708576, "torch.nn.modules.activation.Hardshrink": 0.00023462483659386635, "torch.nn.modules.activation.ReLU6": 0.00024288101121783257, "torch.nn.modules.activation.Softplus": 0.00022649532184004784, "torch.nn.modules.activation.RReLU": 0.00026770588010549545, "torch.nn.modules.activation.LogSigmoid": 0.00023008696734905243, "torch.nn.modules.dropout.Dropout2d": 0.00015475880354642868, "torch.nn.modules.activation.CELU": 0.0002408730797469616, "torch.nn.modules.dropout.Dropout": 0.00015307823196053505, "torch.nn.modules.activation.ELU": 0.0002291770651936531, "torch.nn.modules.activation.Hardtanh": 0.00024005910381674767, "torch.nn.modules.activation.Softmax": 0.00028295116499066353, "torch.nn.modules.activation.GELU": 0.0002223951742053032, "torch.nn.modules.activation.Softmin": 0.00035817595198750496}, {"torch.nn.modules.activation.Hardshrink": 0.00029890285804867744, "torch.nn.modules.activation.Softmax": 0.0002885321155190468, "torch.nn.modules.activation.Softsign": 0.0004319227300584316, "torch.nn.modules.activation.Softmin": 0.0020515499636530876, "torch.nn.modules.activation.CELU": 0.0002509928308427334, "torch.nn.modules.activation.Hardtanh": 0.0002462049014866352, "torch.nn.modules.activation.Softshrink": 0.00022324314340949059, "torch.nn.modules.activation.Tanh": 0.0002270401455461979, "torch.nn.modules.activation.LogSoftmax": 0.00028002914041280746, "torch.nn.modules.activation.ReLU6": 0.0002438458614051342, "torch.nn.modules.activation.Sigmoid": 0.00022938894107937813, "torch.nn.modules.dropout.Dropout3d": 0.00015446683391928673, "torch.nn.modules.dropout.Dropout2d": 0.00014910707250237465, "torch.nn.modules.activation.Tanhshrink": 0.0003133299760520458, "torch.nn.modules.activation.RReLU": 0.0002696649171411991, "torch.nn.modules.activation.LeakyReLU": 0.0002494240179657936, "torch.nn.modules.activation.ELU": 0.00023292331025004387, "torch.nn.modules.activation.ReLU": 0.00022926181554794312, "torch.nn.modules.dropout.AlphaDropout": 0.00015220604836940765, "torch.nn.modules.activation.LogSigmoid": 0.0002199038863182068, "torch.nn.modules.activation.PReLU": 0.00026132864877581596, "torch.nn.modules.activation.GELU": 0.000221210066229105, "torch.nn.modules.activation.SELU": 0.00022750068455934525, "torch.nn.modules.activation.Softplus": 0.0002243751659989357, "torch.nn.modules.dropout.Dropout": 0.00015201838687062263, "torch.nn.modules.linear.Identity": 0.0001302473247051239}], "device": "cuda", "test_chunk_size": 100000, "runs": 3, "outprefix": "servergpu", "parameters": {"test_size_cap": 100000, "track_impact": false, "train_epochs": 2000, "runs": 3, "device": "cuda", "outprefix": "servergpu", "scale": 5}, "hardware_name": "GeForce GTX 1080 Ti", "started_at": "Mon Jun  8 17:15:39 2020 CEST"}