{"train_epochs": 2000, "pred_items": 1000, "train_times": {}, "pred_times": [{"torch.nn.modules.activation.Tanhshrink": 0.0008915062062442303, "torch.nn.modules.activation.LeakyReLU": 0.0005388939753174782, "torch.nn.modules.activation.ReLU6": 0.00036442605778574944, "torch.nn.modules.activation.PReLU": 0.0003689010627567768, "torch.nn.modules.dropout.Dropout3d": 0.00023740995675325394, "torch.nn.modules.dropout.AlphaDropout": 0.00020072981715202332, "torch.nn.modules.activation.Softmax": 0.0004039560444653034, "torch.nn.modules.activation.ELU": 0.0003227032721042633, "torch.nn.modules.dropout.Dropout": 0.000208364799618721, "torch.nn.modules.activation.GELU": 0.0002927221357822418, "torch.nn.modules.activation.Hardtanh": 0.00028272997587919235, "torch.nn.modules.activation.ReLU": 0.00031553301960229874, "torch.nn.modules.dropout.Dropout2d": 0.00017711380496621132, "torch.nn.modules.activation.Softmin": 0.0004405789077281952, "torch.nn.modules.activation.CELU": 0.000300833024084568, "torch.nn.modules.activation.LogSigmoid": 0.00029853731393814087, "torch.nn.modules.activation.Softsign": 0.0007416890002787113, "torch.nn.modules.activation.Sigmoid": 0.0003294767811894417, "torch.nn.modules.activation.Softplus": 0.00031333789229393005, "torch.nn.modules.activation.RReLU": 0.00037231575697660446, "torch.nn.modules.activation.LogSoftmax": 0.0003581950441002846, "torch.nn.modules.activation.Softshrink": 0.00028759706765413284, "torch.nn.modules.activation.Hardshrink": 0.00031809695065021515, "torch.nn.modules.activation.Tanh": 0.00028404779732227325, "torch.nn.modules.activation.SELU": 0.00028167199343442917, "torch.nn.modules.linear.Identity": 0.00016171904280781746}, {"torch.nn.modules.activation.Tanh": 0.00030336668714880943, "torch.nn.modules.activation.Softsign": 0.0004571918398141861, "torch.nn.modules.activation.GELU": 0.000252407044172287, "torch.nn.modules.activation.RReLU": 0.00028475094586610794, "torch.nn.modules.dropout.Dropout2d": 0.0001718900166451931, "torch.nn.modules.activation.PReLU": 0.0002758912742137909, "torch.nn.modules.activation.SELU": 0.0002485089935362339, "torch.nn.modules.activation.Hardtanh": 0.00026187580078840256, "torch.nn.modules.activation.ELU": 0.0002593440003693104, "torch.nn.modules.activation.Softmin": 0.00037350086495280266, "torch.nn.modules.activation.LeakyReLU": 0.0002481010742485523, "torch.nn.modules.activation.LogSigmoid": 0.00024455226957798004, "torch.nn.modules.linear.Identity": 0.00015212129801511765, "torch.nn.modules.activation.ReLU": 0.0002454030327498913, "torch.nn.modules.dropout.Dropout": 0.00016579590737819672, "torch.nn.modules.activation.Softplus": 0.0002412707544863224, "torch.nn.modules.activation.Sigmoid": 0.0002428051084280014, "torch.nn.modules.activation.Softshrink": 0.00023402972146868706, "torch.nn.modules.activation.LogSoftmax": 0.0002816561609506607, "torch.nn.modules.activation.Hardshrink": 0.00024996791034936905, "torch.nn.modules.dropout.AlphaDropout": 0.00016463128849864006, "torch.nn.modules.activation.CELU": 0.00024640699848532677, "torch.nn.modules.activation.Tanhshrink": 0.00033087190240621567, "torch.nn.modules.dropout.Dropout3d": 0.0001664380542933941, "torch.nn.modules.activation.Softmax": 0.00028902385383844376, "torch.nn.modules.activation.ReLU6": 0.0002728532999753952}, {"torch.nn.modules.activation.Tanhshrink": 0.0003937329165637493, "torch.nn.modules.dropout.Dropout": 0.00017580576241016388, "torch.nn.modules.activation.Softsign": 0.0004431367851793766, "torch.nn.modules.activation.SELU": 0.00025484804064035416, "torch.nn.modules.activation.Sigmoid": 0.00024508265778422356, "torch.nn.modules.activation.LogSoftmax": 0.0002873959019780159, "torch.nn.modules.dropout.Dropout2d": 0.00016951002180576324, "torch.nn.modules.linear.Identity": 0.00014767376706004143, "torch.nn.modules.activation.LogSigmoid": 0.00024014990776777267, "torch.nn.modules.activation.LeakyReLU": 0.0002450840547680855, "torch.nn.modules.dropout.Dropout3d": 0.00017827516421675682, "torch.nn.modules.activation.Tanh": 0.00025568297132849693, "torch.nn.modules.activation.CELU": 0.00026146695017814636, "torch.nn.modules.activation.Softmax": 0.00028886087238788605, "torch.nn.modules.activation.ELU": 0.0002453196793794632, "torch.nn.modules.activation.ReLU": 0.0002465462312102318, "torch.nn.modules.activation.Softplus": 0.00024090101942420006, "torch.nn.modules.activation.Softshrink": 0.00023138010874390602, "torch.nn.modules.activation.Hardtanh": 0.00026230281218886375, "torch.nn.modules.activation.PReLU": 0.00027583492919802666, "torch.nn.modules.activation.Softmin": 0.0003723050467669964, "torch.nn.modules.activation.Hardshrink": 0.0002535763196647167, "torch.nn.modules.dropout.AlphaDropout": 0.00016679009422659874, "torch.nn.modules.activation.ReLU6": 0.0002585332840681076, "torch.nn.modules.activation.GELU": 0.00023993011564016342, "torch.nn.modules.activation.RReLU": 0.0002806978300213814}], "device": "cuda", "test_chunk_size": 1000, "runs": 3, "outprefix": "servergpu", "parameters": {"test_size_cap": 100000, "track_impact": false, "train_epochs": 2000, "runs": 3, "device": "cuda", "outprefix": "servergpu", "scale": 3}, "hardware_name": "GeForce GTX 1080 Ti", "started_at": "Mon Jun  8 17:15:32 2020 CEST"}