{"train_epochs": 2000, "pred_items": 100, "train_times": {}, "pred_times": [{"torch.nn.modules.dropout.Dropout2d": 0.0013424912467598915, "torch.nn.modules.activation.Tanh": 0.002240389119833708, "torch.nn.modules.activation.Softmax": 0.001956427004188299, "torch.nn.modules.activation.LeakyReLU": 0.001890690065920353, "torch.nn.modules.dropout.Dropout": 0.001172881107777357, "torch.nn.modules.activation.Hardshrink": 0.001408653799444437, "torch.nn.modules.activation.LogSoftmax": 0.0020798537880182266, "torch.nn.modules.activation.ReLU": 0.0013328599743545055, "torch.nn.modules.activation.Hardtanh": 0.0008261846378445625, "torch.nn.modules.linear.Identity": 0.0005996497347950935, "torch.nn.modules.activation.Softsign": 0.0013518501073122025, "torch.nn.modules.activation.Tanhshrink": 0.0014813253656029701, "torch.nn.modules.dropout.AlphaDropout": 0.0007515959441661835, "torch.nn.modules.activation.GELU": 0.0011267447844147682, "torch.nn.modules.activation.RReLU": 0.0009469818323850632, "torch.nn.modules.activation.Softshrink": 0.0008172900415956974, "torch.nn.modules.activation.Sigmoid": 0.0009181611239910126, "torch.nn.modules.activation.ELU": 0.0009717950597405434, "torch.nn.modules.activation.CELU": 0.0009465459734201431, "torch.nn.modules.activation.PReLU": 0.0008708522655069828, "torch.nn.modules.activation.Softmin": 0.0010286648757755756, "torch.nn.modules.activation.ReLU6": 0.0007621250115334988, "torch.nn.modules.activation.SELU": 0.0009679980576038361, "torch.nn.modules.activation.Softplus": 0.0013379380106925964, "torch.nn.modules.dropout.Dropout3d": 0.0006311670877039433, "torch.nn.modules.activation.LogSigmoid": 0.0010745571926236153}, {"torch.nn.modules.activation.LogSigmoid": 0.0012246896512806416, "torch.nn.modules.activation.Softshrink": 0.0007745730690658092, "torch.nn.modules.activation.Tanh": 0.0007840911857783794, "torch.nn.modules.dropout.Dropout3d": 0.0006058909930288792, "torch.nn.modules.dropout.Dropout": 0.0006173723377287388, "torch.nn.modules.dropout.AlphaDropout": 0.0006103352643549442, "torch.nn.modules.activation.PReLU": 0.0008471072651445866, "torch.nn.modules.dropout.Dropout2d": 0.0006215237081050873, "torch.nn.modules.activation.Softplus": 0.001267226878553629, "torch.nn.modules.activation.Hardtanh": 0.0007807277143001556, "torch.nn.modules.activation.LeakyReLU": 0.0007514110766351223, "torch.nn.modules.activation.Softmin": 0.0010117399506270885, "torch.nn.modules.activation.Sigmoid": 0.0008701500482857227, "torch.nn.modules.activation.ReLU": 0.0007434156723320484, "torch.nn.modules.activation.RReLU": 0.0008798041380941868, "torch.nn.modules.activation.Softmax": 0.0007949499413371086, "torch.nn.modules.linear.Identity": 0.0006160670891404152, "torch.nn.modules.activation.ELU": 0.0009353999048471451, "torch.nn.modules.activation.Softsign": 0.0010827952064573765, "torch.nn.modules.activation.Hardshrink": 0.0007525021210312843, "torch.nn.modules.activation.GELU": 0.001078698318451643, "torch.nn.modules.activation.CELU": 0.0009014182724058628, "torch.nn.modules.activation.Tanhshrink": 0.0009600571356713772, "torch.nn.modules.activation.SELU": 0.0009025163017213345, "torch.nn.modules.activation.LogSoftmax": 0.0015693623572587967, "torch.nn.modules.activation.ReLU6": 0.0007509780116379261}, {"torch.nn.modules.activation.SELU": 0.0009322790428996086, "torch.nn.modules.activation.LeakyReLU": 0.000747261568903923, "torch.nn.modules.activation.ReLU": 0.0007656319066882133, "torch.nn.modules.activation.ELU": 0.0009037270210683346, "torch.nn.modules.activation.LogSigmoid": 0.001072523184120655, "torch.nn.modules.activation.GELU": 0.0010640490800142288, "torch.nn.modules.activation.Hardtanh": 0.0007772808894515038, "torch.nn.modules.activation.ReLU6": 0.0007716100662946701, "torch.nn.modules.activation.CELU": 0.0009417887777090073, "torch.nn.modules.dropout.Dropout2d": 0.0006292043253779411, "torch.nn.modules.activation.PReLU": 0.0008248249068856239, "torch.nn.modules.dropout.Dropout": 0.0006347442977130413, "torch.nn.modules.activation.Sigmoid": 0.0008652829565107822, "torch.nn.modules.linear.Identity": 0.0006042290478944778, "torch.nn.modules.activation.LogSoftmax": 0.0015072077512741089, "torch.nn.modules.activation.Hardshrink": 0.0007877540774643421, "torch.nn.modules.activation.Softsign": 0.0011088429018855095, "torch.nn.modules.dropout.Dropout3d": 0.000640014186501503, "torch.nn.modules.activation.Tanhshrink": 0.0009450968354940414, "torch.nn.modules.activation.Softmax": 0.0007974379695951939, "torch.nn.modules.activation.Softmin": 0.0009648818522691727, "torch.nn.modules.dropout.AlphaDropout": 0.0006331880576908588, "torch.nn.modules.activation.Softplus": 0.0012645372189581394, "torch.nn.modules.activation.Softshrink": 0.0007584779523313046, "torch.nn.modules.activation.RReLU": 0.0008930438198149204, "torch.nn.modules.activation.Tanh": 0.0007856069132685661}], "device": "cpu", "test_chunk_size": 100, "runs": 3, "outprefix": "servercpu", "parameters": {"test_size_cap": 100000, "track_impact": false, "train_epochs": 2000, "runs": 3, "device": "cpu", "outprefix": "servercpu", "scale": 2}, "hardware_name": "Intel(R) Xeon(R) CPU E5-2660 v3 @ 2.60GHz", "started_at": "Mon Jun  8 14:25:45 2020 CEST"}