{"train_epochs": 2000, "pred_items": 100000000, "train_times": {}, "pred_times": [{"torch.nn.modules.activation.LogSigmoid": 957.7025412530638, "torch.nn.modules.activation.Softshrink": 513.3556223865598, "torch.nn.modules.activation.Hardtanh": 521.0433453680016, "torch.nn.modules.activation.Tanh": 536.755178659223, "torch.nn.modules.activation.ReLU": 524.5164076909423, "torch.nn.modules.dropout.Dropout2d": 239.58296938799322, "torch.nn.modules.activation.GELU": 572.2340645347722, "torch.nn.modules.activation.RReLU": 531.1467761439271, "torch.nn.modules.activation.Softplus": 608.8313951776363, "torch.nn.modules.activation.Softmax": 522.7427800600417, "torch.nn.modules.activation.PReLU": 515.9638804462738, "torch.nn.modules.activation.ReLU6": 526.3626228380017, "torch.nn.modules.dropout.Dropout3d": 230.11168038891628, "torch.nn.modules.dropout.AlphaDropout": 235.11791895981878, "torch.nn.modules.activation.CELU": 528.8230835529976, "torch.nn.modules.activation.Hardshrink": 527.9498939299956, "torch.nn.modules.dropout.Dropout": 232.17909615207464, "torch.nn.modules.activation.Sigmoid": 533.5198424053378, "torch.nn.modules.activation.LeakyReLU": 511.1426963089034, "torch.nn.modules.activation.Tanhshrink": 880.2280188100412, "torch.nn.modules.activation.Softmin": 802.5349613707513, "torch.nn.modules.activation.SELU": 534.2089470741339, "torch.nn.modules.linear.Identity": 239.30700917588547, "torch.nn.modules.activation.LogSoftmax": 520.7920352318324, "torch.nn.modules.activation.Softsign": 1086.7378522800282, "torch.nn.modules.activation.ELU": 529.4035404180177}, {"torch.nn.modules.activation.LeakyReLU": 520.9688624078408, "torch.nn.modules.dropout.Dropout": 236.903869390022, "torch.nn.modules.activation.LogSoftmax": 530.7195435799658, "torch.nn.modules.activation.Softplus": 596.4037909889594, "torch.nn.modules.dropout.Dropout2d": 231.98668113164604, "torch.nn.modules.activation.SELU": 524.7293745311908, "torch.nn.modules.activation.RReLU": 509.96997813507915, "torch.nn.modules.activation.Tanh": 528.7697539450601, "torch.nn.modules.activation.Hardshrink": 522.6501687518321, "torch.nn.modules.activation.GELU": 565.9020008346997, "torch.nn.modules.activation.Softmax": 520.2550532952882, "torch.nn.modules.activation.Tanhshrink": 890.3476922526024, "torch.nn.modules.activation.Softsign": 1096.5153532428667, "torch.nn.modules.activation.CELU": 528.5622874069959, "torch.nn.modules.dropout.AlphaDropout": 231.50532282423228, "torch.nn.modules.activation.LogSigmoid": 933.0554390982725, "torch.nn.modules.activation.ReLU": 514.8557928591035, "torch.nn.modules.activation.ReLU6": 506.8887521880679, "torch.nn.modules.activation.Sigmoid": 523.2431872203015, "torch.nn.modules.activation.Softshrink": 524.8626640550792, "torch.nn.modules.activation.Hardtanh": 524.1466745082289, "torch.nn.modules.activation.ELU": 534.6185936760157, "torch.nn.modules.activation.PReLU": 514.0027957898565, "torch.nn.modules.dropout.Dropout3d": 231.14790157182142, "torch.nn.modules.linear.Identity": 238.77656587120146, "torch.nn.modules.activation.Softmin": 789.8200385021046}, {"torch.nn.modules.activation.Tanh": 536.9462994635105, "torch.nn.modules.activation.ELU": 526.8325438806787, "torch.nn.modules.activation.Sigmoid": 527.8942329995334, "torch.nn.modules.activation.ReLU6": 509.6636274019256, "torch.nn.modules.activation.SELU": 529.2566794818267, "torch.nn.modules.activation.LeakyReLU": 511.6579547263682, "torch.nn.modules.activation.ReLU": 520.3472734233364, "torch.nn.modules.activation.RReLU": 500.19142557680607, "torch.nn.modules.activation.LogSigmoid": 913.6613515140489, "torch.nn.modules.activation.Softmax": 513.659918570891, "torch.nn.modules.activation.Softplus": 592.5906507726759, "torch.nn.modules.linear.Identity": 238.00472028646618, "torch.nn.modules.activation.CELU": 542.5342678204179, "torch.nn.modules.dropout.Dropout3d": 231.50002440810204, "torch.nn.modules.activation.Hardshrink": 518.6508459020406, "torch.nn.modules.activation.Softsign": 1082.4977992586792, "torch.nn.modules.dropout.Dropout2d": 233.03275707829744, "torch.nn.modules.activation.Softmin": 794.7478009657934, "torch.nn.modules.activation.Softshrink": 516.6528492439538, "torch.nn.modules.dropout.AlphaDropout": 239.27416322473437, "torch.nn.modules.activation.PReLU": 511.2350442968309, "torch.nn.modules.activation.GELU": 575.8257772093639, "torch.nn.modules.activation.Hardtanh": 518.7714031729847, "torch.nn.modules.dropout.Dropout": 233.59253427851945, "torch.nn.modules.activation.LogSoftmax": 526.4544570054859, "torch.nn.modules.activation.Tanhshrink": 892.9926715074107}], "device": "cpu", "test_chunk_size": 100000, "runs": 3, "outprefix": "servercpu", "parameters": {"test_size_cap": 100000, "track_impact": false, "train_epochs": 2000, "runs": 3, "device": "cpu", "outprefix": "servercpu", "scale": 8}, "hardware_name": "Intel(R) Xeon(R) CPU E5-2660 v3 @ 2.60GHz", "started_at": "Tue Jun  9 05:38:51 2020 CEST"}