{"train_epochs": 2000, "pred_items": 10000000, "train_times": {}, "pred_times": [{"torch.nn.modules.activation.GELU": 59.69186578085646, "torch.nn.modules.activation.Hardtanh": 51.81568196089938, "torch.nn.modules.activation.ReLU": 53.302868647966534, "torch.nn.modules.activation.Tanh": 52.823379506822675, "torch.nn.modules.activation.Softmax": 54.48567949188873, "torch.nn.modules.activation.Softplus": 58.8430066392757, "torch.nn.modules.activation.ReLU6": 54.678285173140466, "torch.nn.modules.activation.CELU": 54.21496974630281, "torch.nn.modules.activation.LogSigmoid": 94.0392130217515, "torch.nn.modules.linear.Identity": 23.718177958857268, "torch.nn.modules.activation.Tanhshrink": 86.56009276071563, "torch.nn.modules.activation.PReLU": 52.645984870847315, "torch.nn.modules.dropout.Dropout3d": 24.570479643065482, "torch.nn.modules.activation.LogSoftmax": 51.91530641587451, "torch.nn.modules.dropout.Dropout2d": 24.195486755110323, "torch.nn.modules.dropout.AlphaDropout": 22.67284058732912, "torch.nn.modules.activation.Hardshrink": 50.8575794538483, "torch.nn.modules.activation.Softshrink": 52.93384871119633, "torch.nn.modules.activation.Softsign": 109.78886634716764, "torch.nn.modules.activation.Sigmoid": 51.22515897778794, "torch.nn.modules.dropout.Dropout": 24.3328543365933, "torch.nn.modules.activation.LeakyReLU": 52.1772002899088, "torch.nn.modules.activation.ELU": 51.30611487897113, "torch.nn.modules.activation.RReLU": 51.26800158806145, "torch.nn.modules.activation.Softmin": 81.70782198710367, "torch.nn.modules.activation.SELU": 54.46167548885569}, {"torch.nn.modules.activation.CELU": 56.006988265085965, "torch.nn.modules.activation.LeakyReLU": 53.792168436106294, "torch.nn.modules.dropout.Dropout3d": 23.25620152009651, "torch.nn.modules.activation.Tanhshrink": 88.97586699714884, "torch.nn.modules.activation.LogSoftmax": 50.3590958067216, "torch.nn.modules.activation.Softmax": 50.157163348048925, "torch.nn.modules.activation.Softsign": 108.33475382206962, "torch.nn.modules.activation.ReLU6": 50.683176102116704, "torch.nn.modules.activation.RReLU": 50.17228613886982, "torch.nn.modules.activation.LogSigmoid": 90.98850155901164, "torch.nn.modules.activation.PReLU": 51.07364086294547, "torch.nn.modules.activation.Softshrink": 50.537246043328196, "torch.nn.modules.dropout.Dropout": 22.902891946956515, "torch.nn.modules.dropout.AlphaDropout": 22.679771757684648, "torch.nn.modules.activation.SELU": 55.51227117609233, "torch.nn.modules.activation.Sigmoid": 52.01891003502533, "torch.nn.modules.activation.Tanh": 52.09570923587307, "torch.nn.modules.activation.GELU": 57.663334721233696, "torch.nn.modules.linear.Identity": 24.51958420407027, "torch.nn.modules.activation.ELU": 53.10964553197846, "torch.nn.modules.activation.Softplus": 52.28987492993474, "torch.nn.modules.dropout.Dropout2d": 23.550538996700197, "torch.nn.modules.activation.Hardtanh": 50.06863343901932, "torch.nn.modules.activation.Softmin": 79.67863688291982, "torch.nn.modules.activation.Hardshrink": 50.177338487003, "torch.nn.modules.activation.ReLU": 50.192898532841355}, {"torch.nn.modules.activation.PReLU": 53.00675393687561, "torch.nn.modules.linear.Identity": 23.33279877807945, "torch.nn.modules.activation.Tanh": 52.419294361025095, "torch.nn.modules.activation.ReLU": 51.96504847984761, "torch.nn.modules.activation.Softmin": 80.50469397194684, "torch.nn.modules.activation.LogSoftmax": 51.66636039689183, "torch.nn.modules.activation.ELU": 51.42160139512271, "torch.nn.modules.activation.GELU": 57.37384070781991, "torch.nn.modules.dropout.Dropout2d": 23.181539294775575, "torch.nn.modules.activation.ReLU6": 51.55063100764528, "torch.nn.modules.activation.RReLU": 50.45946665806696, "torch.nn.modules.activation.Hardshrink": 50.912161748856306, "torch.nn.modules.activation.Softshrink": 53.092190918978304, "torch.nn.modules.activation.Softplus": 52.71001652209088, "torch.nn.modules.dropout.AlphaDropout": 23.091516276821494, "torch.nn.modules.activation.Sigmoid": 53.02368276799098, "torch.nn.modules.activation.SELU": 51.933936229906976, "torch.nn.modules.activation.Hardtanh": 51.86852328386158, "torch.nn.modules.activation.Tanhshrink": 88.55408715177327, "torch.nn.modules.activation.CELU": 51.4921012846753, "torch.nn.modules.dropout.Dropout3d": 23.067741338163614, "torch.nn.modules.activation.LogSigmoid": 94.01139049232006, "torch.nn.modules.activation.Softmax": 51.03441926185042, "torch.nn.modules.dropout.Dropout": 23.28118377411738, "torch.nn.modules.activation.Softsign": 108.04366320092231, "torch.nn.modules.activation.LeakyReLU": 51.99539044778794}], "device": "cpu", "test_chunk_size": 100000, "runs": 3, "outprefix": "servercpu", "parameters": {"test_size_cap": 100000, "track_impact": false, "train_epochs": 2000, "runs": 3, "device": "cpu", "outprefix": "servercpu", "scale": 7}, "hardware_name": "Intel(R) Xeon(R) CPU E5-2660 v3 @ 2.60GHz", "started_at": "Mon Jun  8 15:46:30 2020 CEST"}