{"train_epochs": 2000, "pred_items": 100000, "train_times": {}, "pred_times": [{"torch.nn.modules.activation.ReLU": 0.5064122378826141, "torch.nn.modules.activation.LogSigmoid": 0.8903012149967253, "torch.nn.modules.dropout.Dropout2d": 0.3974362318404019, "torch.nn.modules.activation.CELU": 0.44516671169549227, "torch.nn.modules.activation.RReLU": 0.5015007480978966, "torch.nn.modules.activation.Softsign": 0.9612076370976865, "torch.nn.modules.activation.Tanh": 0.6373691181652248, "torch.nn.modules.activation.Hardtanh": 0.49216653080657125, "torch.nn.modules.activation.Tanhshrink": 0.828650951385498, "torch.nn.modules.activation.SELU": 0.6692028008401394, "torch.nn.modules.activation.ELU": 0.5448861769400537, "torch.nn.modules.activation.ReLU6": 0.506927898619324, "torch.nn.modules.activation.PReLU": 0.5375280841253698, "torch.nn.modules.activation.Softmin": 0.6966240182518959, "torch.nn.modules.activation.Softmax": 0.5584550742059946, "torch.nn.modules.activation.Sigmoid": 0.5306760771200061, "torch.nn.modules.activation.Softshrink": 0.4800978871062398, "torch.nn.modules.dropout.Dropout": 0.3095424100756645, "torch.nn.modules.activation.Softplus": 0.3961806893348694, "torch.nn.modules.activation.Hardshrink": 0.4982487140223384, "torch.nn.modules.dropout.Dropout3d": 0.30856185918673873, "torch.nn.modules.activation.GELU": 0.4498560451902449, "torch.nn.modules.activation.LogSoftmax": 0.4928747648373246, "torch.nn.modules.linear.Identity": 0.3107291436754167, "torch.nn.modules.dropout.AlphaDropout": 0.24481947114691138, "torch.nn.modules.activation.LeakyReLU": 0.41953174117952585}, {"torch.nn.modules.activation.Softshrink": 0.5028816042467952, "torch.nn.modules.dropout.Dropout": 0.30888476874679327, "torch.nn.modules.activation.Hardtanh": 0.5032714288681746, "torch.nn.modules.activation.LogSigmoid": 0.8083660970441997, "torch.nn.modules.dropout.AlphaDropout": 0.38960174238309264, "torch.nn.modules.activation.ELU": 0.4344404637813568, "torch.nn.modules.activation.PReLU": 0.48682198487222195, "torch.nn.modules.dropout.Dropout2d": 0.3912314157932997, "torch.nn.modules.activation.LeakyReLU": 0.45981193892657757, "torch.nn.modules.activation.SELU": 0.5406099441461265, "torch.nn.modules.activation.Sigmoid": 0.5093158199451864, "torch.nn.modules.activation.ReLU6": 0.4810715839266777, "torch.nn.modules.activation.Tanhshrink": 0.7940097833052278, "torch.nn.modules.activation.ReLU": 0.5439581866376102, "torch.nn.modules.activation.Softmax": 0.4862112579867244, "torch.nn.modules.activation.LogSoftmax": 0.4970841770991683, "torch.nn.modules.activation.Tanh": 0.5265670479275286, "torch.nn.modules.dropout.Dropout3d": 0.4310188880190253, "torch.nn.modules.activation.RReLU": 0.41331876488402486, "torch.nn.modules.linear.Identity": 0.47076252894476056, "torch.nn.modules.activation.GELU": 0.5309594981372356, "torch.nn.modules.activation.Softmin": 0.7066925410181284, "torch.nn.modules.activation.Softsign": 1.0074341958388686, "torch.nn.modules.activation.Hardshrink": 0.6264805318787694, "torch.nn.modules.activation.CELU": 0.7033162629231811, "torch.nn.modules.activation.Softplus": 0.6284051751717925}, {"torch.nn.modules.dropout.Dropout3d": 0.39044902101159096, "torch.nn.modules.activation.ReLU": 0.4325380530208349, "torch.nn.modules.activation.SELU": 0.5372904292307794, "torch.nn.modules.activation.Tanh": 0.5191337442956865, "torch.nn.modules.activation.RReLU": 0.4951523821800947, "torch.nn.modules.activation.Softmin": 0.7034429730847478, "torch.nn.modules.dropout.Dropout": 0.3803493198938668, "torch.nn.modules.activation.LogSoftmax": 0.42238284973427653, "torch.nn.modules.linear.Identity": 0.3366214018315077, "torch.nn.modules.activation.LeakyReLU": 0.4186753109097481, "torch.nn.modules.activation.Hardshrink": 0.5056266351602972, "torch.nn.modules.activation.ELU": 0.536392246838659, "torch.nn.modules.activation.ReLU6": 0.48200905602425337, "torch.nn.modules.activation.LogSigmoid": 0.8171026497147977, "torch.nn.modules.activation.Sigmoid": 0.6250144219957292, "torch.nn.modules.activation.CELU": 0.4989245138131082, "torch.nn.modules.activation.Softmax": 0.48116243397817016, "torch.nn.modules.activation.GELU": 0.5290721021592617, "torch.nn.modules.activation.PReLU": 0.49959493102505803, "torch.nn.modules.activation.Hardtanh": 0.5159042468294501, "torch.nn.modules.activation.Softshrink": 0.6497120941057801, "torch.nn.modules.dropout.Dropout2d": 0.4623917010612786, "torch.nn.modules.activation.Tanhshrink": 0.6928542829118669, "torch.nn.modules.dropout.AlphaDropout": 0.3241054229438305, "torch.nn.modules.activation.Softsign": 0.8760804878547788, "torch.nn.modules.activation.Softplus": 0.7516389889642596}], "device": "cpu", "test_chunk_size": 100000, "runs": 3, "outprefix": "servercpu", "parameters": {"test_size_cap": 100000, "track_impact": false, "train_epochs": 2000, "runs": 3, "device": "cpu", "outprefix": "servercpu", "scale": 5}, "hardware_name": "Intel(R) Xeon(R) CPU E5-2660 v3 @ 2.60GHz", "started_at": "Mon Jun  8 14:26:44 2020 CEST"}