{"train_epochs": 2000, "pred_items": 1, "train_times": {"torch.nn.modules.activation.RReLU": 17.552688197232783, "torch.nn.modules.activation.SELU": 8.361959490925074, "torch.nn.modules.activation.CELU": 8.600524873938411, "torch.nn.modules.activation.GELU": 27.427569845225662, "torch.nn.modules.activation.Sigmoid": 7.639821984805167, "torch.nn.modules.activation.Softplus": 8.968616519123316, "torch.nn.modules.activation.Softshrink": 7.367099495138973, "torch.nn.modules.activation.Softsign": 8.562781176995486, "torch.nn.modules.activation.Tanh": 7.348240402992815, "torch.nn.modules.activation.Tanhshrink": 9.693728687707335, "torch.nn.modules.activation.Softmin": 6.839166586752981, "torch.nn.modules.activation.Softmax": 5.819913893938065, "torch.nn.modules.activation.LogSoftmax": 7.91493721306324, "torch.nn.modules.linear.Identity": 5.011474183760583, "torch.nn.modules.dropout.Dropout": 6.956795187201351, "torch.nn.modules.dropout.Dropout2d": 7.1834615538828075, "torch.nn.modules.dropout.Dropout3d": 7.427873481996357, "torch.nn.modules.dropout.AlphaDropout": 7.271639277227223}, "pred_times": [{"torch.nn.modules.activation.ReLU": 0.0009853518567979336, "torch.nn.modules.activation.Sigmoid": 0.001152948010712862, "torch.nn.modules.dropout.Dropout": 0.0006586918607354164, "torch.nn.modules.dropout.Dropout2d": 0.0019404762424528599, "torch.nn.modules.activation.LogSoftmax": 0.0007872669957578182, "torch.nn.modules.activation.Tanhshrink": 0.0007838648743927479, "torch.nn.modules.activation.GELU": 0.0006948737427592278, "torch.nn.modules.linear.Identity": 0.0019013318233191967, "torch.nn.modules.activation.Softmin": 0.002120752353221178, "torch.nn.modules.activation.ReLU6": 0.0008185137994587421, "torch.nn.modules.activation.ELU": 0.0007786178030073643, "torch.nn.modules.activation.RReLU": 0.002175565343350172, "torch.nn.modules.activation.SELU": 0.001042952761054039, "torch.nn.modules.activation.CELU": 0.0018645832315087318, "torch.nn.modules.activation.PReLU": 0.0007756240665912628, "torch.nn.modules.activation.Softshrink": 0.0010655219666659832, "torch.nn.modules.activation.LogSigmoid": 0.0008419351652264595, "torch.nn.modules.activation.Hardshrink": 0.0007273070514202118, "torch.nn.modules.activation.LeakyReLU": 0.0007001650519669056, "torch.nn.modules.activation.Softsign": 0.001319653820246458, "torch.nn.modules.dropout.Dropout3d": 0.0003176126629114151, "torch.nn.modules.activation.Softplus": 0.0006283610127866268, "torch.nn.modules.activation.Tanh": 0.0010975738987326622, "torch.nn.modules.activation.Hardtanh": 0.0006828983314335346, "torch.nn.modules.activation.Softmax": 0.0018056770786643028, "torch.nn.modules.dropout.AlphaDropout": 0.00026984699070453644}, {"torch.nn.modules.activation.Sigmoid": 0.00031380727887153625, "torch.nn.modules.activation.Tanhshrink": 0.00036801770329475403, "torch.nn.modules.activation.ReLU": 0.00038426322862505913, "torch.nn.modules.activation.Softshrink": 0.00025276094675064087, "torch.nn.modules.activation.Softmin": 0.0004042140208184719, "torch.nn.modules.activation.LogSigmoid": 0.0004558633081614971, "torch.nn.modules.activation.RReLU": 0.00040616607293486595, "torch.nn.modules.activation.LogSoftmax": 0.0003361278213560581, "torch.nn.modules.activation.Softmax": 0.00029570190235972404, "torch.nn.modules.activation.Tanh": 0.0002580927684903145, "torch.nn.modules.dropout.AlphaDropout": 0.00021784799173474312, "torch.nn.modules.activation.ReLU6": 0.0003875480033457279, "torch.nn.modules.activation.Hardtanh": 0.00035459501668810844, "torch.nn.modules.activation.Hardshrink": 0.0003874730318784714, "torch.nn.modules.linear.Identity": 0.00019660312682390213, "torch.nn.modules.dropout.Dropout3d": 0.0002647773362696171, "torch.nn.modules.dropout.Dropout": 0.00028116581961512566, "torch.nn.modules.dropout.Dropout2d": 0.00020911125466227531, "torch.nn.modules.activation.ELU": 0.0003834320232272148, "torch.nn.modules.activation.GELU": 0.0003387252800166607, "torch.nn.modules.activation.SELU": 0.0002848017029464245, "torch.nn.modules.activation.CELU": 0.00027494458481669426, "torch.nn.modules.activation.LeakyReLU": 0.00037341006100177765, "torch.nn.modules.activation.Softsign": 0.00043641217052936554, "torch.nn.modules.activation.PReLU": 0.0004477701149880886, "torch.nn.modules.activation.Softplus": 0.00036610430106520653}, {"torch.nn.modules.linear.Identity": 0.00024179881438612938, "torch.nn.modules.activation.Softplus": 0.0002461383119225502, "torch.nn.modules.activation.Hardshrink": 0.00035780901089310646, "torch.nn.modules.activation.ReLU": 0.00037634605541825294, "torch.nn.modules.activation.LeakyReLU": 0.0002570590004324913, "torch.nn.modules.dropout.AlphaDropout": 0.00024299276992678642, "torch.nn.modules.activation.ReLU6": 0.0003830580972135067, "torch.nn.modules.activation.PReLU": 0.0003271959722042084, "torch.nn.modules.activation.Softmin": 0.00044610071927309036, "torch.nn.modules.activation.RReLU": 0.00040197325870394707, "torch.nn.modules.dropout.Dropout2d": 0.00022575818002223969, "torch.nn.modules.activation.LogSigmoid": 0.00044913170859217644, "torch.nn.modules.activation.SELU": 0.00026443880051374435, "torch.nn.modules.activation.Softmax": 0.0003227158449590206, "torch.nn.modules.activation.Softsign": 0.0004008919931948185, "torch.nn.modules.activation.Sigmoid": 0.0002738088369369507, "torch.nn.modules.dropout.Dropout": 0.0002852911129593849, "torch.nn.modules.activation.Softshrink": 0.00025392090901732445, "torch.nn.modules.activation.Tanh": 0.0002754288725554943, "torch.nn.modules.activation.LogSoftmax": 0.0003284299746155739, "torch.nn.modules.activation.Hardtanh": 0.0004036189056932926, "torch.nn.modules.activation.Tanhshrink": 0.0003178231418132782, "torch.nn.modules.activation.CELU": 0.0002724248915910721, "torch.nn.modules.dropout.Dropout3d": 0.00028544990345835686, "torch.nn.modules.activation.GELU": 0.0003352179192006588, "torch.nn.modules.activation.ELU": 0.0003806529566645622}], "device": "cpu", "test_chunk_size": 1, "runs": 3, "outprefix": "servercpu", "parameters": {"test_size_cap": 100000, "track_impact": false, "train_epochs": 2000, "runs": 3, "device": "cpu", "outprefix": "servercpu", "scale": 0}, "hardware_name": "Intel(R) Xeon(R) CPU E5-2660 v3 @ 2.60GHz", "started_at": "Mon Jun  8 14:25:21 2020 CEST"}