{"train_epochs": 2000, "pred_items": 1000000, "train_times": {}, "pred_times": [{"torch.nn.modules.dropout.Dropout": 2.5200764909386635, "torch.nn.modules.activation.ReLU6": 5.5033732750453055, "torch.nn.modules.activation.Tanhshrink": 9.176971700973809, "torch.nn.modules.dropout.Dropout2d": 3.0703622782602906, "torch.nn.modules.activation.Softsign": 11.520690233912319, "torch.nn.modules.activation.Softmin": 8.787816347088665, "torch.nn.modules.dropout.Dropout3d": 2.9464510530233383, "torch.nn.modules.activation.Hardshrink": 5.452497309073806, "torch.nn.modules.linear.Identity": 3.0878740046173334, "torch.nn.modules.activation.LogSigmoid": 10.375483078882098, "torch.nn.modules.activation.Sigmoid": 5.905574471689761, "torch.nn.modules.activation.PReLU": 5.452278522774577, "torch.nn.modules.activation.GELU": 6.219795455690473, "torch.nn.modules.activation.ReLU": 5.211210887879133, "torch.nn.modules.activation.Softmax": 5.355216125026345, "torch.nn.modules.activation.SELU": 5.468581408262253, "torch.nn.modules.activation.Tanh": 5.38753453316167, "torch.nn.modules.activation.LogSoftmax": 5.4729578220285475, "torch.nn.modules.activation.Softshrink": 5.436624303925782, "torch.nn.modules.activation.CELU": 5.917751479893923, "torch.nn.modules.activation.Softplus": 5.47026899503544, "torch.nn.modules.activation.Hardtanh": 5.844801832921803, "torch.nn.modules.activation.RReLU": 5.314835192169994, "torch.nn.modules.dropout.AlphaDropout": 2.9327219650149345, "torch.nn.modules.activation.LeakyReLU": 4.892366239801049, "torch.nn.modules.activation.ELU": 5.859305570367724}, {"torch.nn.modules.activation.Softsign": 11.327665392309427, "torch.nn.modules.activation.Hardshrink": 5.829313090071082, "torch.nn.modules.activation.Hardtanh": 6.110172368120402, "torch.nn.modules.activation.Tanh": 5.714459058828652, "torch.nn.modules.dropout.AlphaDropout": 3.269965583924204, "torch.nn.modules.activation.Softplus": 6.308937983121723, "torch.nn.modules.activation.RReLU": 5.485996475908905, "torch.nn.modules.activation.Sigmoid": 5.741482750046998, "torch.nn.modules.activation.LogSoftmax": 5.350969226099551, "torch.nn.modules.activation.Softmin": 8.308198703918606, "torch.nn.modules.activation.ELU": 5.512193398550153, "torch.nn.modules.activation.CELU": 5.549553423188627, "torch.nn.modules.activation.Softshrink": 4.998564001172781, "torch.nn.modules.linear.Identity": 2.628861936274916, "torch.nn.modules.dropout.Dropout": 2.4008199386298656, "torch.nn.modules.activation.Softmax": 5.11088786367327, "torch.nn.modules.dropout.Dropout2d": 2.71001158002764, "torch.nn.modules.activation.LeakyReLU": 5.301168713718653, "torch.nn.modules.dropout.Dropout3d": 2.5194309847429395, "torch.nn.modules.activation.ReLU6": 4.891341759823263, "torch.nn.modules.activation.PReLU": 5.00921361381188, "torch.nn.modules.activation.LogSigmoid": 9.297735434956849, "torch.nn.modules.activation.SELU": 5.695822226814926, "torch.nn.modules.activation.GELU": 5.6557020847685635, "torch.nn.modules.activation.Tanhshrink": 8.57310275780037, "torch.nn.modules.activation.ReLU": 5.611369288992137}, {"torch.nn.modules.activation.ReLU": 5.165855059865862, "torch.nn.modules.activation.RReLU": 5.193230121862143, "torch.nn.modules.activation.CELU": 6.060458065010607, "torch.nn.modules.dropout.Dropout3d": 2.9425180088728666, "torch.nn.modules.activation.Softplus": 6.446126137860119, "torch.nn.modules.activation.Hardshrink": 5.157085936050862, "torch.nn.modules.activation.Sigmoid": 5.620661968830973, "torch.nn.modules.activation.Tanhshrink": 8.986106822267175, "torch.nn.modules.activation.Softmin": 8.643630743958056, "torch.nn.modules.activation.Softsign": 11.018982423003763, "torch.nn.modules.activation.LeakyReLU": 5.2464176020585, "torch.nn.modules.activation.Tanh": 5.193361138924956, "torch.nn.modules.dropout.Dropout2d": 2.869610450230539, "torch.nn.modules.activation.GELU": 5.992257844191045, "torch.nn.modules.activation.SELU": 6.469335481990129, "torch.nn.modules.activation.Hardtanh": 6.290523448958993, "torch.nn.modules.activation.LogSoftmax": 6.336167149245739, "torch.nn.modules.activation.PReLU": 5.260892380960286, "torch.nn.modules.dropout.Dropout": 2.6515176529064775, "torch.nn.modules.activation.Softmax": 5.344889984000474, "torch.nn.modules.activation.ELU": 5.845004036091268, "torch.nn.modules.linear.Identity": 3.0337637453339994, "torch.nn.modules.dropout.AlphaDropout": 3.1556699159555137, "torch.nn.modules.activation.Softshrink": 5.8517242656089365, "torch.nn.modules.activation.ReLU6": 5.470590563956648, "torch.nn.modules.activation.LogSigmoid": 9.87436186010018}], "device": "cpu", "test_chunk_size": 100000, "runs": 3, "outprefix": "servercpu", "parameters": {"test_size_cap": 100000, "track_impact": false, "train_epochs": 2000, "runs": 3, "device": "cpu", "outprefix": "servercpu", "scale": 6}, "hardware_name": "Intel(R) Xeon(R) CPU E5-2660 v3 @ 2.60GHz", "started_at": "Mon Jun  8 14:34:17 2020 CEST"}