{"train_epochs": 2000, "pred_items": 10, "train_times": {}, "pred_times": [{"torch.nn.modules.activation.ReLU6": 0.0007550041191279888, "torch.nn.modules.activation.LeakyReLU": 0.0005099750123918056, "torch.nn.modules.activation.Softplus": 0.0007035830058157444, "torch.nn.modules.activation.Hardshrink": 0.0005013132467865944, "torch.nn.modules.activation.SELU": 0.0005384469404816628, "torch.nn.modules.activation.CELU": 0.0005498961545526981, "torch.nn.modules.activation.LogSoftmax": 0.0006371960043907166, "torch.nn.modules.activation.GELU": 0.0014782617799937725, "torch.nn.modules.activation.Sigmoid": 0.0005325567908585072, "torch.nn.modules.dropout.Dropout3d": 0.00044430000707507133, "torch.nn.modules.activation.Tanhshrink": 0.00261264992877841, "torch.nn.modules.activation.LogSigmoid": 0.0006740130484104156, "torch.nn.modules.activation.Softmin": 0.000703020952641964, "torch.nn.modules.activation.Softshrink": 0.0004780399613082409, "torch.nn.modules.activation.Softmax": 0.0005704392679035664, "torch.nn.modules.activation.Softsign": 0.0007152720354497433, "torch.nn.modules.dropout.Dropout2d": 0.00044656218960881233, "torch.nn.modules.activation.PReLU": 0.00048138806596398354, "torch.nn.modules.activation.Tanh": 0.0018849438056349754, "torch.nn.modules.dropout.Dropout": 0.0004708496853709221, "torch.nn.modules.activation.ReLU": 0.00046491576358675957, "torch.nn.modules.activation.Hardtanh": 0.00046289898455142975, "torch.nn.modules.dropout.AlphaDropout": 0.0004411148838698864, "torch.nn.modules.linear.Identity": 0.00034572603181004524, "torch.nn.modules.activation.RReLU": 0.0006316769868135452, "torch.nn.modules.activation.ELU": 0.0005751508288085461}, {"torch.nn.modules.activation.Softmax": 0.0005770940333604813, "torch.nn.modules.activation.ELU": 0.0005239699967205524, "torch.nn.modules.activation.LeakyReLU": 0.00044181011617183685, "torch.nn.modules.dropout.Dropout": 0.00029772892594337463, "torch.nn.modules.linear.Identity": 0.00025732023641467094, "torch.nn.modules.activation.Hardtanh": 0.00036359671503305435, "torch.nn.modules.activation.Hardshrink": 0.0004357658326625824, "torch.nn.modules.activation.PReLU": 0.00047573214396834373, "torch.nn.modules.activation.Softmin": 0.0005999407730996609, "torch.nn.modules.activation.ReLU": 0.0003948267549276352, "torch.nn.modules.activation.LogSoftmax": 0.000564246904104948, "torch.nn.modules.activation.SELU": 0.0005561178550124168, "torch.nn.modules.activation.Softplus": 0.000706785824149847, "torch.nn.modules.dropout.Dropout3d": 0.0003812597133219242, "torch.nn.modules.activation.Tanhshrink": 0.0019310768693685532, "torch.nn.modules.activation.Sigmoid": 0.0005710311233997345, "torch.nn.modules.activation.Softsign": 0.000610745046287775, "torch.nn.modules.activation.RReLU": 0.0005415524356067181, "torch.nn.modules.activation.Tanh": 0.001890938263386488, "torch.nn.modules.activation.CELU": 0.0005861739628016949, "torch.nn.modules.dropout.AlphaDropout": 0.00038376403972506523, "torch.nn.modules.activation.GELU": 0.002340565901249647, "torch.nn.modules.dropout.Dropout2d": 0.0004724389873445034, "torch.nn.modules.activation.Softshrink": 0.0004826663061976433, "torch.nn.modules.activation.LogSigmoid": 0.0005980809219181538, "torch.nn.modules.activation.ReLU6": 0.0004950803704559803}, {"torch.nn.modules.activation.GELU": 0.002817359287291765, "torch.nn.modules.activation.LeakyReLU": 0.0004922668449580669, "torch.nn.modules.activation.SELU": 0.0005312729626893997, "torch.nn.modules.activation.PReLU": 0.0004894672892987728, "torch.nn.modules.activation.ELU": 0.0005269479006528854, "torch.nn.modules.activation.Softsign": 0.0006289421580731869, "torch.nn.modules.activation.Hardshrink": 0.0004370170645415783, "torch.nn.modules.activation.ReLU": 0.00042885495349764824, "torch.nn.modules.dropout.Dropout2d": 0.00038334401324391365, "torch.nn.modules.activation.Tanh": 0.0014653080143034458, "torch.nn.modules.dropout.Dropout3d": 0.0004493226297199726, "torch.nn.modules.activation.CELU": 0.0005149808712303638, "torch.nn.modules.dropout.AlphaDropout": 0.0004399251192808151, "torch.nn.modules.activation.RReLU": 0.0006509129889309406, "torch.nn.modules.dropout.Dropout": 0.00046517979353666306, "torch.nn.modules.activation.Softmax": 0.000675031915307045, "torch.nn.modules.activation.Sigmoid": 0.0005109710618853569, "torch.nn.modules.activation.Softmin": 0.0005999221466481686, "torch.nn.modules.activation.Softshrink": 0.0004468723200261593, "torch.nn.modules.activation.ReLU6": 0.0004434422589838505, "torch.nn.modules.activation.LogSoftmax": 0.000537521205842495, "torch.nn.modules.linear.Identity": 0.00036345096305012703, "torch.nn.modules.activation.Hardtanh": 0.00046204496175050735, "torch.nn.modules.activation.LogSigmoid": 0.0005435277707874775, "torch.nn.modules.activation.Softplus": 0.0006556021980941296, "torch.nn.modules.activation.Tanhshrink": 0.0027860510163009167}], "device": "cpu", "test_chunk_size": 10, "runs": 3, "outprefix": "servercpu", "parameters": {"test_size_cap": 100000, "track_impact": false, "train_epochs": 2000, "runs": 3, "device": "cpu", "outprefix": "servercpu", "scale": 1}, "hardware_name": "Intel(R) Xeon(R) CPU E5-2660 v3 @ 2.60GHz", "started_at": "Mon Jun  8 14:25:28 2020 CEST"}