{"train_epochs": 2000, "pred_items": 10000, "train_times": {}, "pred_times": [{"torch.nn.modules.activation.SELU": 0.06203863304108381, "torch.nn.modules.activation.Tanhshrink": 0.09349321387708187, "torch.nn.modules.activation.Softsign": 0.11335106333717704, "torch.nn.modules.activation.LogSigmoid": 0.11159429466351867, "torch.nn.modules.activation.PReLU": 0.08047266770154238, "torch.nn.modules.dropout.Dropout": 0.04917056718841195, "torch.nn.modules.linear.Identity": 0.03909506695345044, "torch.nn.modules.activation.Softmin": 0.07782859588041902, "torch.nn.modules.activation.Softplus": 0.08015397423878312, "torch.nn.modules.dropout.AlphaDropout": 0.04952824395149946, "torch.nn.modules.activation.RReLU": 0.059062968008220196, "torch.nn.modules.activation.LogSoftmax": 0.06739009683951735, "torch.nn.modules.activation.CELU": 0.076478011906147, "torch.nn.modules.dropout.Dropout3d": 0.051227087154984474, "torch.nn.modules.activation.ReLU6": 0.06114583509042859, "torch.nn.modules.activation.Softshrink": 0.06903166603296995, "torch.nn.modules.activation.Hardshrink": 0.06868529412895441, "torch.nn.modules.activation.ELU": 0.07217232184484601, "torch.nn.modules.activation.Softmax": 0.06916481209918857, "torch.nn.modules.dropout.Dropout2d": 0.05095611372962594, "torch.nn.modules.activation.LeakyReLU": 0.059511922765523195, "torch.nn.modules.activation.GELU": 0.07382899802178144, "torch.nn.modules.activation.Tanh": 0.08927757199853659, "torch.nn.modules.activation.Sigmoid": 0.07034222036600113, "torch.nn.modules.activation.Hardtanh": 0.0643609631806612, "torch.nn.modules.activation.ReLU": 0.06851268839091063}, {"torch.nn.modules.activation.GELU": 0.07337461039423943, "torch.nn.modules.activation.Hardtanh": 0.06810138560831547, "torch.nn.modules.activation.LogSigmoid": 0.10788948507979512, "torch.nn.modules.activation.SELU": 0.08345274906605482, "torch.nn.modules.activation.Softshrink": 0.06458238326013088, "torch.nn.modules.activation.Sigmoid": 0.06980347028002143, "torch.nn.modules.activation.Softsign": 0.11598563101142645, "torch.nn.modules.activation.Tanhshrink": 0.12042958615347743, "torch.nn.modules.dropout.AlphaDropout": 0.05072100926190615, "torch.nn.modules.activation.Hardshrink": 0.05923754209652543, "torch.nn.modules.activation.ReLU6": 0.06676846696063876, "torch.nn.modules.activation.RReLU": 0.06914648693054914, "torch.nn.modules.activation.Softmin": 0.08988460060209036, "torch.nn.modules.dropout.Dropout": 0.058233334217220545, "torch.nn.modules.activation.PReLU": 0.06053008418530226, "torch.nn.modules.activation.LeakyReLU": 0.05469936365261674, "torch.nn.modules.activation.Tanh": 0.05796210980042815, "torch.nn.modules.dropout.Dropout3d": 0.036631288938224316, "torch.nn.modules.activation.CELU": 0.048548059072345495, "torch.nn.modules.dropout.Dropout2d": 0.0321927391923964, "torch.nn.modules.activation.Softmax": 0.04546022787690163, "torch.nn.modules.activation.Softplus": 0.05235698074102402, "torch.nn.modules.activation.ELU": 0.06009204313158989, "torch.nn.modules.activation.ReLU": 0.05295283393934369, "torch.nn.modules.linear.Identity": 0.03601324697956443, "torch.nn.modules.activation.LogSoftmax": 0.054958302062004805}, {"torch.nn.modules.activation.Hardtanh": 0.0533061008900404, "torch.nn.modules.dropout.Dropout3d": 0.03607929218560457, "torch.nn.modules.activation.Softmax": 0.044778854586184025, "torch.nn.modules.activation.RReLU": 0.05316251888871193, "torch.nn.modules.activation.Softplus": 0.0555224590934813, "torch.nn.modules.activation.Hardshrink": 0.0545628541149199, "torch.nn.modules.activation.CELU": 0.057383826933801174, "torch.nn.modules.activation.GELU": 0.056081498973071575, "torch.nn.modules.dropout.AlphaDropout": 0.036538631189614534, "torch.nn.modules.activation.Sigmoid": 0.04684414388611913, "torch.nn.modules.activation.SELU": 0.05309700267389417, "torch.nn.modules.dropout.Dropout2d": 0.032678207848221064, "torch.nn.modules.dropout.Dropout": 0.02603987418115139, "torch.nn.modules.linear.Identity": 0.02430372592061758, "torch.nn.modules.activation.ReLU6": 0.04254264431074262, "torch.nn.modules.activation.ReLU": 0.052502977661788464, "torch.nn.modules.activation.LogSigmoid": 0.0883771968074143, "torch.nn.modules.activation.ELU": 0.0687542287632823, "torch.nn.modules.activation.Softmin": 0.07410258892923594, "torch.nn.modules.activation.LeakyReLU": 0.062453842256218195, "torch.nn.modules.activation.Tanh": 0.05743870045989752, "torch.nn.modules.activation.LogSoftmax": 0.05688565317541361, "torch.nn.modules.activation.PReLU": 0.054186251014471054, "torch.nn.modules.activation.Softsign": 0.10284786717966199, "torch.nn.modules.activation.Tanhshrink": 0.09519252926111221, "torch.nn.modules.activation.Softshrink": 0.055614505894482136}], "device": "cpu", "test_chunk_size": 10000, "runs": 3, "outprefix": "servercpu", "parameters": {"test_size_cap": 100000, "track_impact": false, "train_epochs": 2000, "runs": 3, "device": "cpu", "outprefix": "servercpu", "scale": 4}, "hardware_name": "Intel(R) Xeon(R) CPU E5-2660 v3 @ 2.60GHz", "started_at": "Mon Jun  8 14:25:58 2020 CEST"}