{"train_epochs": 2000, "pred_items": 1000, "train_times": {}, "pred_times": [{"torch.nn.modules.activation.LogSoftmax": 0.015485468786209822, "torch.nn.modules.activation.GELU": 0.011925091966986656, "torch.nn.modules.activation.Softmin": 0.007976450026035309, "torch.nn.modules.activation.SELU": 0.005136628169566393, "torch.nn.modules.activation.LeakyReLU": 0.004227668046951294, "torch.nn.modules.dropout.Dropout3d": 0.003830414265394211, "torch.nn.modules.dropout.Dropout": 0.003722765017300844, "torch.nn.modules.dropout.Dropout2d": 0.003796362318098545, "torch.nn.modules.linear.Identity": 0.003682567272335291, "torch.nn.modules.activation.Hardtanh": 0.004280904307961464, "torch.nn.modules.activation.Tanhshrink": 0.005532220937311649, "torch.nn.modules.activation.RReLU": 0.005837948992848396, "torch.nn.modules.activation.LogSigmoid": 0.0068624988198280334, "torch.nn.modules.activation.ReLU6": 0.004736596718430519, "torch.nn.modules.activation.Softshrink": 0.005796205252408981, "torch.nn.modules.activation.Softmax": 0.005303322337567806, "torch.nn.modules.activation.Softsign": 0.008314026985317469, "torch.nn.modules.activation.Sigmoid": 0.0045552439987659454, "torch.nn.modules.activation.Tanh": 0.0055172923021018505, "torch.nn.modules.activation.Hardshrink": 0.004586106166243553, "torch.nn.modules.activation.CELU": 0.00467692781239748, "torch.nn.modules.activation.ReLU": 0.004321192856878042, "torch.nn.modules.activation.Softplus": 0.005794886965304613, "torch.nn.modules.dropout.AlphaDropout": 0.003933589905500412, "torch.nn.modules.activation.ELU": 0.004568859934806824, "torch.nn.modules.activation.PReLU": 0.005245794076472521}, {"torch.nn.modules.activation.LogSoftmax": 0.006611387245357037, "torch.nn.modules.activation.Softsign": 0.006620206870138645, "torch.nn.modules.activation.Hardtanh": 0.004427135922014713, "torch.nn.modules.activation.ReLU": 0.004411317873746157, "torch.nn.modules.activation.SELU": 0.004613304045051336, "torch.nn.modules.activation.Tanh": 0.005076993722468615, "torch.nn.modules.activation.Tanhshrink": 0.005369925871491432, "torch.nn.modules.activation.ReLU6": 0.005992529913783073, "torch.nn.modules.activation.Softmax": 0.004950250964611769, "torch.nn.modules.activation.GELU": 0.008490082807838917, "torch.nn.modules.linear.Identity": 0.003759412094950676, "torch.nn.modules.activation.CELU": 0.004434654954820871, "torch.nn.modules.activation.Hardshrink": 0.004199814982712269, "torch.nn.modules.activation.LeakyReLU": 0.004208410158753395, "torch.nn.modules.dropout.Dropout3d": 0.0036988421343266964, "torch.nn.modules.activation.Softshrink": 0.004124438855797052, "torch.nn.modules.activation.Softmin": 0.004931489937007427, "torch.nn.modules.activation.ELU": 0.0044567477889359, "torch.nn.modules.activation.RReLU": 0.004679779056459665, "torch.nn.modules.activation.Sigmoid": 0.004342144820839167, "torch.nn.modules.dropout.AlphaDropout": 0.0036875098012387753, "torch.nn.modules.dropout.Dropout": 0.0036430577747523785, "torch.nn.modules.activation.LogSigmoid": 0.006329015828669071, "torch.nn.modules.activation.Softplus": 0.00539442291483283, "torch.nn.modules.activation.PReLU": 0.005117686931043863, "torch.nn.modules.dropout.Dropout2d": 0.0037408191710710526}, {"torch.nn.modules.activation.Tanhshrink": 0.006050035823136568, "torch.nn.modules.activation.Sigmoid": 0.005169312935322523, "torch.nn.modules.activation.Tanh": 0.005473519675433636, "torch.nn.modules.activation.PReLU": 0.005859481170773506, "torch.nn.modules.activation.Softsign": 0.004957457073032856, "torch.nn.modules.activation.RReLU": 0.005619959905743599, "torch.nn.modules.activation.LogSoftmax": 0.006456088274717331, "torch.nn.modules.activation.CELU": 0.004845558665692806, "torch.nn.modules.activation.Softplus": 0.005519238766282797, "torch.nn.modules.dropout.Dropout": 0.005386220291256905, "torch.nn.modules.activation.LeakyReLU": 0.004221360664814711, "torch.nn.modules.activation.ReLU": 0.004152812063694, "torch.nn.modules.activation.LogSigmoid": 0.006694915238767862, "torch.nn.modules.dropout.Dropout2d": 0.0038406657986342907, "torch.nn.modules.activation.Softmin": 0.004782015923410654, "torch.nn.modules.activation.Hardtanh": 0.005114138126373291, "torch.nn.modules.linear.Identity": 0.003842002712190151, "torch.nn.modules.activation.ReLU6": 0.004182789940387011, "torch.nn.modules.dropout.AlphaDropout": 0.003696700092405081, "torch.nn.modules.activation.ELU": 0.004484748933464289, "torch.nn.modules.activation.Softshrink": 0.004197427071630955, "torch.nn.modules.activation.Softmax": 0.004596878308802843, "torch.nn.modules.activation.GELU": 0.007291011977940798, "torch.nn.modules.dropout.Dropout3d": 0.003680603113025427, "torch.nn.modules.activation.Hardshrink": 0.003977026790380478, "torch.nn.modules.activation.SELU": 0.004427974112331867}], "device": "cpu", "test_chunk_size": 1000, "runs": 3, "outprefix": "servercpu", "parameters": {"test_size_cap": 100000, "track_impact": false, "train_epochs": 2000, "runs": 3, "device": "cpu", "outprefix": "servercpu", "scale": 3}, "hardware_name": "Intel(R) Xeon(R) CPU E5-2660 v3 @ 2.60GHz", "started_at": "Mon Jun  8 14:25:49 2020 CEST"}