{"train_epochs": 2000, "pred_items": 1, "train_times": {"torch.nn.modules.activation.ReLU": 11.86540993300001, "torch.nn.modules.activation.ELU": 2.371944230000011, "torch.nn.modules.activation.Hardshrink": 2.3706591020000047, "torch.nn.modules.activation.Hardtanh": 2.41524509300001, "torch.nn.modules.activation.LeakyReLU": 2.281318024000001, "torch.nn.modules.activation.LogSigmoid": 2.367031780000019, "torch.nn.modules.activation.PReLU": 3.7800323630000037, "torch.nn.modules.activation.ReLU6": 2.40507191399999, "torch.nn.modules.activation.RReLU": 2.759960906999993, "torch.nn.modules.activation.SELU": 2.396445736000004, "torch.nn.modules.activation.CELU": 2.3658928630000275, "torch.nn.modules.activation.GELU": 2.261409948999983, "torch.nn.modules.activation.Sigmoid": 2.2577029400000015, "torch.nn.modules.activation.Softplus": 2.3286583879999796, "torch.nn.modules.activation.Softshrink": 2.2673555399999827, "torch.nn.modules.activation.Softsign": 3.1436998799999856, "torch.nn.modules.activation.Tanh": 2.276788252000017, "torch.nn.modules.activation.Tanhshrink": 2.6803720019999844, "torch.nn.modules.activation.Softmin": 2.7212393890000044, "torch.nn.modules.activation.Softmax": 2.450112505999982, "torch.nn.modules.activation.LogSoftmax": 2.396235810999997, "torch.nn.modules.linear.Identity": 2.0573075100000153, "torch.nn.modules.dropout.Dropout": 2.3904320540000015, "torch.nn.modules.dropout.Dropout2d": 2.4852534560000095, "torch.nn.modules.dropout.Dropout3d": 2.5114125169999966, "torch.nn.modules.dropout.AlphaDropout": 2.878300480000007}, "pred_times": [{"torch.nn.modules.activation.PReLU": 0.0008020779999924343, "torch.nn.modules.activation.ReLU": 0.00019544200000609635, "torch.nn.modules.activation.SELU": 0.0002056989999914549, "torch.nn.modules.activation.LogSoftmax": 0.00023071199998980774, "torch.nn.modules.activation.Softmin": 0.00031859200001349564, "torch.nn.modules.activation.Softshrink": 0.00021373799998514187, "torch.nn.modules.dropout.Dropout3d": 0.00014087599998902078, "torch.nn.modules.activation.Softsign": 0.0003295269999910033, "torch.nn.modules.activation.ReLU6": 0.00022219300001324882, "torch.nn.modules.activation.Tanh": 0.00017511499999045554, "torch.nn.modules.activation.Tanhshrink": 0.0002725420000047052, "torch.nn.modules.activation.CELU": 0.00016428300000370655, "torch.nn.modules.activation.Sigmoid": 0.00016162200000735538, "torch.nn.modules.activation.Hardshrink": 0.00018778599999791368, "torch.nn.modules.dropout.Dropout2d": 0.00011438100000304985, "torch.nn.modules.dropout.Dropout": 0.00010549800001058429, "torch.nn.modules.activation.Softmax": 0.00018650200001957273, "torch.nn.modules.activation.ELU": 0.00018117499999448228, "torch.nn.modules.activation.RReLU": 0.0002887649999934183, "torch.nn.modules.linear.Identity": 0.00015404299998067472, "torch.nn.modules.activation.LogSigmoid": 0.00016979200000832861, "torch.nn.modules.activation.GELU": 0.00016682700001524609, "torch.nn.modules.activation.LeakyReLU": 0.00017114000002038665, "torch.nn.modules.activation.Softplus": 0.0001807939999878272, "torch.nn.modules.activation.Hardtanh": 0.00016553999998336622, "torch.nn.modules.dropout.AlphaDropout": 0.00013594300000363546}, {"torch.nn.modules.activation.RReLU": 0.0002580169999930604, "torch.nn.modules.activation.LogSoftmax": 0.0002725530000020626, "torch.nn.modules.dropout.Dropout2d": 0.00010936799998262359, "torch.nn.modules.activation.Tanhshrink": 0.00020909299999516406, "torch.nn.modules.activation.ReLU6": 0.00017153100000655286, "torch.nn.modules.dropout.Dropout": 0.00010396100000775732, "torch.nn.modules.activation.Softshrink": 0.00014771599998653073, "torch.nn.modules.activation.Softplus": 0.00020642199999088007, "torch.nn.modules.activation.Hardtanh": 0.00015950599998859616, "torch.nn.modules.activation.CELU": 0.00015444499999262007, "torch.nn.modules.activation.Softmax": 0.0001952840000001288, "torch.nn.modules.activation.LogSigmoid": 0.00015306299999906514, "torch.nn.modules.activation.ReLU": 0.000149953999994068, "torch.nn.modules.activation.ELU": 0.0002111470000158988, "torch.nn.modules.linear.Identity": 9.302300000513242e-05, "torch.nn.modules.activation.LeakyReLU": 0.00014515300000539355, "torch.nn.modules.activation.Softsign": 0.0002965000000187956, "torch.nn.modules.activation.GELU": 0.000152137999975821, "torch.nn.modules.activation.PReLU": 0.00024007700000083787, "torch.nn.modules.activation.Hardshrink": 0.00018699000000310662, "torch.nn.modules.activation.SELU": 0.00017394799999692623, "torch.nn.modules.dropout.AlphaDropout": 0.00011776399998097986, "torch.nn.modules.activation.Sigmoid": 0.00015516999999931613, "torch.nn.modules.activation.Softmin": 0.0002834830000040256, "torch.nn.modules.dropout.Dropout3d": 0.00014836500000114938, "torch.nn.modules.activation.Tanh": 0.0001496380000105546}, {"torch.nn.modules.linear.Identity": 0.00016692399998419205, "torch.nn.modules.activation.PReLU": 0.0002286550000007992, "torch.nn.modules.activation.Softmin": 0.0002416019999884611, "torch.nn.modules.activation.LogSigmoid": 0.0001677830000232916, "torch.nn.modules.activation.ReLU": 0.0001474249999944277, "torch.nn.modules.activation.Hardtanh": 0.00015340799998853072, "torch.nn.modules.activation.Tanh": 0.00017642599999589947, "torch.nn.modules.activation.Softsign": 0.00029703300000960553, "torch.nn.modules.dropout.Dropout": 0.00010906299999646762, "torch.nn.modules.activation.Softshrink": 0.0001542800000038369, "torch.nn.modules.activation.GELU": 0.00014244900000903726, "torch.nn.modules.activation.RReLU": 0.0001696150000043417, "torch.nn.modules.dropout.Dropout2d": 0.00015162699997972595, "torch.nn.modules.activation.ReLU6": 0.00016374699998777942, "torch.nn.modules.activation.LeakyReLU": 0.00014530699999681929, "torch.nn.modules.activation.ELU": 0.00015215299998772025, "torch.nn.modules.activation.Softplus": 0.00014661700001283862, "torch.nn.modules.dropout.AlphaDropout": 0.00010006200000134413, "torch.nn.modules.activation.CELU": 0.0001441199999874243, "torch.nn.modules.activation.LogSoftmax": 0.00024147299998844574, "torch.nn.modules.activation.Tanhshrink": 0.00023454699999092554, "torch.nn.modules.activation.Sigmoid": 0.00016874499999630643, "torch.nn.modules.dropout.Dropout3d": 0.00010653999999021835, "torch.nn.modules.activation.SELU": 0.0001528409999878022, "torch.nn.modules.activation.Hardshrink": 0.00017790699999409298, "torch.nn.modules.activation.Softmax": 0.0001933140000005551}], "device": "cuda", "test_chunk_size": 1, "runs": 3, "outprefix": "dc_gpu", "parameters": {"test_size_cap": 100000, "track_impact": false, "train_epochs": 2000, "runs": 3, "device": "cuda", "outprefix": "dc_gpu", "scale": 0}, "hardware_name": "Tesla P100-PCIE-16GB", "started_at": "Thu Jun 11 18:39:40 2020 UTC"}