{"train_epochs": 2000, "pred_items": 10000, "train_times": {}, "pred_times": [{"torch.nn.modules.activation.LogSigmoid": 0.0012913199999502467, "torch.nn.modules.activation.ReLU6": 0.0011576549999858798, "torch.nn.modules.activation.Softsign": 0.001379963999966094, "torch.nn.modules.activation.SELU": 0.00028011900002411494, "torch.nn.modules.dropout.Dropout3d": 0.00017274900000074922, "torch.nn.modules.dropout.Dropout2d": 0.00010288099997524114, "torch.nn.modules.activation.Tanh": 0.00023985100000345483, "torch.nn.modules.activation.LeakyReLU": 0.0002810970000268753, "torch.nn.modules.dropout.Dropout": 0.00015391900001304748, "torch.nn.modules.activation.CELU": 0.00020752700004322833, "torch.nn.modules.activation.Sigmoid": 0.0001807240000175625, "torch.nn.modules.activation.PReLU": 0.0003596539999648485, "torch.nn.modules.activation.Softshrink": 0.00020645000000740765, "torch.nn.modules.activation.LogSoftmax": 0.0003767050000078598, "torch.nn.modules.activation.Softmax": 0.000342257999989215, "torch.nn.modules.activation.Hardtanh": 0.00017402299999957904, "torch.nn.modules.activation.RReLU": 0.00022922100004052481, "torch.nn.modules.activation.Softmin": 0.0011167600000021594, "torch.nn.modules.activation.Tanhshrink": 0.00031338799999502953, "torch.nn.modules.linear.Identity": 0.00011531500001638051, "torch.nn.modules.dropout.AlphaDropout": 0.00012658099996087913, "torch.nn.modules.activation.ELU": 0.0001735539999572211, "torch.nn.modules.activation.Hardshrink": 0.0002142060000096535, "torch.nn.modules.activation.GELU": 0.00019572700000480836, "torch.nn.modules.activation.ReLU": 0.00024738500002285946, "torch.nn.modules.activation.Softplus": 0.00018006700003070364}, {"torch.nn.modules.activation.LeakyReLU": 0.0003185819999771411, "torch.nn.modules.dropout.Dropout3d": 0.00011555200001112098, "torch.nn.modules.activation.PReLU": 0.00017085500002167464, "torch.nn.modules.activation.ReLU": 0.00016157900000735026, "torch.nn.modules.activation.CELU": 0.00016850899999099056, "torch.nn.modules.activation.ReLU6": 0.00015315900003542993, "torch.nn.modules.activation.Hardtanh": 0.00021985000000768196, "torch.nn.modules.dropout.AlphaDropout": 0.00010437900004944822, "torch.nn.modules.activation.GELU": 0.00014301699997076867, "torch.nn.modules.activation.RReLU": 0.00016907500003071618, "torch.nn.modules.activation.Softmin": 0.00025458700002900514, "torch.nn.modules.activation.LogSoftmax": 0.00023776099999395228, "torch.nn.modules.linear.Identity": 0.00010531099997024285, "torch.nn.modules.activation.Tanhshrink": 0.0002261619999899267, "torch.nn.modules.activation.Softmax": 0.00019284799998331437, "torch.nn.modules.activation.SELU": 0.00015507199998410215, "torch.nn.modules.activation.Softplus": 0.0001441509999722257, "torch.nn.modules.dropout.Dropout2d": 0.00016512600001306055, "torch.nn.modules.activation.Softshrink": 0.00015714500000285625, "torch.nn.modules.activation.LogSigmoid": 0.00015134299997043854, "torch.nn.modules.activation.Hardshrink": 0.00015228199998773562, "torch.nn.modules.activation.Tanh": 0.000160923000009916, "torch.nn.modules.activation.Sigmoid": 0.00014720000001489097, "torch.nn.modules.activation.ELU": 0.00019949199997881806, "torch.nn.modules.dropout.Dropout": 0.00012476200004130078, "torch.nn.modules.activation.Softsign": 0.0002820549999569266}, {"torch.nn.modules.activation.Tanhshrink": 0.00033579600000166465, "torch.nn.modules.activation.Softshrink": 0.00015279199999440607, "torch.nn.modules.activation.RReLU": 0.00016998600000306396, "torch.nn.modules.activation.LogSigmoid": 0.00015279399997325527, "torch.nn.modules.activation.Softmin": 0.0002915000000029977, "torch.nn.modules.activation.GELU": 0.00017138900000190915, "torch.nn.modules.activation.Hardshrink": 0.0001507989999822712, "torch.nn.modules.activation.PReLU": 0.00016147400003774237, "torch.nn.modules.dropout.AlphaDropout": 0.00012433399996325534, "torch.nn.modules.activation.ELU": 0.0001470010000161892, "torch.nn.modules.dropout.Dropout2d": 9.740000001556837e-05, "torch.nn.modules.activation.Hardtanh": 0.00022516699999641787, "torch.nn.modules.activation.Tanh": 0.00015057100000603896, "torch.nn.modules.dropout.Dropout3d": 0.00010058499998422121, "torch.nn.modules.activation.ReLU": 0.00014338699998006632, "torch.nn.modules.activation.CELU": 0.00016052500001251246, "torch.nn.modules.activation.LeakyReLU": 0.0001426030000288847, "torch.nn.modules.activation.ReLU6": 0.0001962300000286632, "torch.nn.modules.activation.Sigmoid": 0.00017906199997241856, "torch.nn.modules.activation.Softsign": 0.00027934500002402274, "torch.nn.modules.linear.Identity": 0.00010165300000153366, "torch.nn.modules.activation.SELU": 0.0001487540000084664, "torch.nn.modules.dropout.Dropout": 0.00010140599999886035, "torch.nn.modules.activation.Softplus": 0.00016583299998274015, "torch.nn.modules.activation.LogSoftmax": 0.00017980899997382949, "torch.nn.modules.activation.Softmax": 0.00016833799998039467}], "device": "cuda", "test_chunk_size": 10000, "runs": 3, "outprefix": "dc_gpu", "parameters": {"test_size_cap": 100000, "track_impact": false, "train_epochs": 2000, "runs": 3, "device": "cuda", "outprefix": "dc_gpu", "scale": 4}, "hardware_name": "Tesla P100-PCIE-16GB", "started_at": "Mon Jun  8 14:38:52 2020 UTC"}