{"train_epochs": 2000, "pred_items": 1000000, "train_times": {}, "pred_times": [{"torch.nn.modules.dropout.Dropout": 0.002249086000006173, "torch.nn.modules.activation.Softmax": 0.006147782000027746, "torch.nn.modules.activation.LeakyReLU": 0.0014640870000448558, "torch.nn.modules.activation.Softshrink": 0.0014190569999641411, "torch.nn.modules.dropout.Dropout3d": 0.0011143969999807268, "torch.nn.modules.activation.Tanhshrink": 0.002690521000033641, "torch.nn.modules.activation.ELU": 0.0016450990000294041, "torch.nn.modules.activation.PReLU": 0.0016517529999759972, "torch.nn.modules.activation.Tanh": 0.0023863659999960873, "torch.nn.modules.activation.SELU": 0.002778215999967415, "torch.nn.modules.activation.CELU": 0.002927642999964064, "torch.nn.modules.activation.Softsign": 0.009159003999968718, "torch.nn.modules.activation.ReLU6": 0.32785164899996744, "torch.nn.modules.activation.ReLU": 0.33302775899994685, "torch.nn.modules.activation.LogSigmoid": 0.3297033680000254, "torch.nn.modules.activation.LogSoftmax": 0.3714641480000296, "torch.nn.modules.activation.Softplus": 0.3476057889999993, "torch.nn.modules.dropout.AlphaDropout": 0.15462536900002988, "torch.nn.modules.activation.Hardtanh": 0.31574334599997655, "torch.nn.modules.activation.RReLU": 0.32954892899999777, "torch.nn.modules.linear.Identity": 0.1681179610000072, "torch.nn.modules.activation.Sigmoid": 0.34112201300001743, "torch.nn.modules.activation.GELU": 0.32943482499996435, "torch.nn.modules.activation.Softmin": 0.4207664289999684, "torch.nn.modules.activation.Hardshrink": 0.23933726799998567, "torch.nn.modules.dropout.Dropout2d": 0.14805321700004015}, {"torch.nn.modules.activation.Softsign": 0.6660973899999476, "torch.nn.modules.activation.RReLU": 0.3569289829999889, "torch.nn.modules.activation.Softshrink": 0.3320516619999694, "torch.nn.modules.dropout.Dropout3d": 0.16819693299999017, "torch.nn.modules.activation.Hardshrink": 0.4357153629999857, "torch.nn.modules.linear.Identity": 0.1650362780000023, "torch.nn.modules.dropout.AlphaDropout": 0.16491400400002476, "torch.nn.modules.activation.Softmin": 0.5989226359999975, "torch.nn.modules.activation.LeakyReLU": 0.3302119960000027, "torch.nn.modules.activation.SELU": 0.3111811009999883, "torch.nn.modules.activation.LogSigmoid": 0.26895079799999166, "torch.nn.modules.activation.PReLU": 0.3092191950000256, "torch.nn.modules.activation.Tanhshrink": 0.5249488989999804, "torch.nn.modules.activation.Hardtanh": 0.23926444899996113, "torch.nn.modules.activation.Sigmoid": 0.31323777300002575, "torch.nn.modules.activation.GELU": 0.3299490590000005, "torch.nn.modules.dropout.Dropout": 0.2063920949999556, "torch.nn.modules.activation.Softplus": 0.3919058600000085, "torch.nn.modules.activation.CELU": 0.47573828999998113, "torch.nn.modules.activation.LogSoftmax": 0.3310343339999804, "torch.nn.modules.dropout.Dropout2d": 0.14501157799998055, "torch.nn.modules.activation.ReLU6": 0.3096864890000006, "torch.nn.modules.activation.ELU": 0.3298454519999723, "torch.nn.modules.activation.Softmax": 0.35264392699997416, "torch.nn.modules.activation.Tanh": 0.3401386799999955, "torch.nn.modules.activation.ReLU": 0.28507741900000383}, {"torch.nn.modules.dropout.AlphaDropout": 0.15429815899994992, "torch.nn.modules.activation.GELU": 0.31627795399998604, "torch.nn.modules.activation.Softplus": 0.3298528330000181, "torch.nn.modules.activation.LogSigmoid": 0.3315584979999926, "torch.nn.modules.activation.Hardshrink": 0.4358680170000184, "torch.nn.modules.linear.Identity": 0.16805083899998863, "torch.nn.modules.activation.RReLU": 0.33167694999997366, "torch.nn.modules.activation.Tanhshrink": 0.537203184999953, "torch.nn.modules.activation.Sigmoid": 0.39220578899994507, "torch.nn.modules.dropout.Dropout3d": 0.16465664099996502, "torch.nn.modules.activation.PReLU": 0.3305476409999528, "torch.nn.modules.activation.Tanh": 0.3351179510000293, "torch.nn.modules.activation.Softsign": 0.7123493029999963, "torch.nn.modules.activation.Hardtanh": 0.3943310690000317, "torch.nn.modules.activation.Softshrink": 0.3348317180000322, "torch.nn.modules.activation.LogSoftmax": 0.3550628799999913, "torch.nn.modules.activation.ReLU6": 0.33975512699998944, "torch.nn.modules.activation.LeakyReLU": 0.43408981800007496, "torch.nn.modules.activation.ELU": 0.31494540699998197, "torch.nn.modules.dropout.Dropout": 0.13560216299993044, "torch.nn.modules.activation.Softmin": 0.4708369150000635, "torch.nn.modules.activation.ReLU": 0.4341228929999943, "torch.nn.modules.activation.SELU": 0.33284708700000465, "torch.nn.modules.activation.CELU": 0.32295843800000057, "torch.nn.modules.dropout.Dropout2d": 0.10909217000005356, "torch.nn.modules.activation.Softmax": 0.23910622500000045}], "device": "cuda", "test_chunk_size": 100000, "runs": 3, "outprefix": "dc_gpu", "parameters": {"test_size_cap": 100000, "track_impact": false, "train_epochs": 2000, "runs": 3, "device": "cuda", "outprefix": "dc_gpu", "scale": 6}, "hardware_name": "Tesla P100-PCIE-16GB", "started_at": "Mon Jun  8 14:39:25 2020 UTC"}