{"train_epochs": 2000, "pred_items": 1000, "train_times": {}, "pred_times": [{"torch.nn.modules.dropout.Dropout2d": 0.0003518959999837534, "torch.nn.modules.activation.PReLU": 0.0005747839999798998, "torch.nn.modules.dropout.Dropout": 0.00020314099998586244, "torch.nn.modules.activation.ReLU": 0.0002499029999967206, "torch.nn.modules.activation.LogSigmoid": 0.00047815900001069167, "torch.nn.modules.activation.SELU": 0.0002636419999930695, "torch.nn.modules.activation.ELU": 0.0002279249999901367, "torch.nn.modules.activation.Hardshrink": 0.0003802310000082798, "torch.nn.modules.dropout.AlphaDropout": 0.00019170200005191873, "torch.nn.modules.activation.Softsign": 0.0005262469999820496, "torch.nn.modules.activation.Softshrink": 0.0005459780000478531, "torch.nn.modules.activation.CELU": 0.000233508000007987, "torch.nn.modules.activation.ReLU6": 0.0002588710000281935, "torch.nn.modules.activation.GELU": 0.00024530700000013894, "torch.nn.modules.activation.LogSoftmax": 0.00044266700001571735, "torch.nn.modules.activation.Sigmoid": 0.00025258800002347925, "torch.nn.modules.activation.Softplus": 0.00024150899997721353, "torch.nn.modules.activation.Hardtanh": 0.0002153319999820269, "torch.nn.modules.activation.Softmax": 0.00036114499999939653, "torch.nn.modules.activation.Tanh": 0.000279573000000255, "torch.nn.modules.activation.Softmin": 0.0004241240000055768, "torch.nn.modules.dropout.Dropout3d": 0.00019480999998222615, "torch.nn.modules.activation.LeakyReLU": 0.0002383230000191361, "torch.nn.modules.activation.RReLU": 0.00034342399999331974, "torch.nn.modules.linear.Identity": 0.0001286119999690527, "torch.nn.modules.activation.Tanhshrink": 0.0002725159999954485}, {"torch.nn.modules.activation.Softsign": 0.0004717660000324031, "torch.nn.modules.dropout.Dropout2d": 0.00014933400001382324, "torch.nn.modules.activation.LogSigmoid": 0.00026630000002114684, "torch.nn.modules.activation.Softmax": 0.00024267099996677644, "torch.nn.modules.activation.LeakyReLU": 0.00018749399998796434, "torch.nn.modules.dropout.AlphaDropout": 0.00012812899996106353, "torch.nn.modules.activation.RReLU": 0.00021998400001166374, "torch.nn.modules.activation.ReLU": 0.00024819099996875593, "torch.nn.modules.activation.PReLU": 0.0002157119999992574, "torch.nn.modules.linear.Identity": 0.00011221599999089449, "torch.nn.modules.activation.Hardtanh": 0.00019523999998227737, "torch.nn.modules.dropout.Dropout": 0.00013523600000553415, "torch.nn.modules.activation.Hardshrink": 0.00022328500000412532, "torch.nn.modules.activation.Softplus": 0.00025470599996424426, "torch.nn.modules.activation.Softshrink": 0.00018429000004971385, "torch.nn.modules.activation.ReLU6": 0.00019527400002061768, "torch.nn.modules.activation.Tanhshrink": 0.0002700609999806147, "torch.nn.modules.activation.Softmin": 0.0003595200000177101, "torch.nn.modules.activation.SELU": 0.0002202850000116996, "torch.nn.modules.activation.CELU": 0.00019739800001161711, "torch.nn.modules.activation.GELU": 0.00021064300000261937, "torch.nn.modules.dropout.Dropout3d": 0.0001586770000017168, "torch.nn.modules.activation.LogSoftmax": 0.00022636599999259488, "torch.nn.modules.activation.ELU": 0.0001876540000012028, "torch.nn.modules.activation.Tanh": 0.0001855090000049131, "torch.nn.modules.activation.Sigmoid": 0.00021327700000028926}, {"torch.nn.modules.activation.Softmin": 0.00039743400003544593, "torch.nn.modules.activation.Softshrink": 0.00025170300000354473, "torch.nn.modules.activation.Sigmoid": 0.0002430400000434929, "torch.nn.modules.activation.Softsign": 0.0003410890000168365, "torch.nn.modules.dropout.Dropout2d": 0.00014092200001414312, "torch.nn.modules.activation.LogSoftmax": 0.00028106700000307683, "torch.nn.modules.activation.ReLU6": 0.00021974999998519706, "torch.nn.modules.activation.Softplus": 0.00020310400003609175, "torch.nn.modules.activation.SELU": 0.00018790999996554092, "torch.nn.modules.activation.Softmax": 0.00022789599995576282, "torch.nn.modules.activation.CELU": 0.00025470699995366886, "torch.nn.modules.activation.Hardtanh": 0.0002075930000273729, "torch.nn.modules.linear.Identity": 0.00011283199995659743, "torch.nn.modules.activation.Tanh": 0.00017609799999718234, "torch.nn.modules.activation.LeakyReLU": 0.00019204199998057447, "torch.nn.modules.dropout.Dropout3d": 0.00019925099996953577, "torch.nn.modules.activation.Tanhshrink": 0.000269317000004321, "torch.nn.modules.activation.LogSigmoid": 0.00018603199998779019, "torch.nn.modules.activation.PReLU": 0.00020985999998401894, "torch.nn.modules.dropout.Dropout": 0.00014370799999596784, "torch.nn.modules.dropout.AlphaDropout": 0.00016396500001292225, "torch.nn.modules.activation.ReLU": 0.0002096339999866359, "torch.nn.modules.activation.ELU": 0.00020617000001266206, "torch.nn.modules.activation.Hardshrink": 0.00018431200004442871, "torch.nn.modules.activation.GELU": 0.00018457600003785046, "torch.nn.modules.activation.RReLU": 0.00024333899995099273}], "device": "cuda", "test_chunk_size": 1000, "runs": 3, "outprefix": "dc_gpu", "parameters": {"test_size_cap": 100000, "track_impact": false, "train_epochs": 2000, "runs": 3, "device": "cuda", "outprefix": "dc_gpu", "scale": 3}, "hardware_name": "Tesla P100-PCIE-16GB", "started_at": "Mon Jun  8 14:38:47 2020 UTC"}