{"train_epochs": 2000, "pred_items": 100, "train_times": {}, "pred_times": [{"torch.nn.modules.activation.LeakyReLU": 0.0004907510000293769, "torch.nn.modules.activation.Softsign": 0.0009516420000181824, "torch.nn.modules.activation.Sigmoid": 0.0004010410000319098, "torch.nn.modules.dropout.Dropout": 0.00024158700000498357, "torch.nn.modules.activation.ReLU": 0.0002912850000029721, "torch.nn.modules.activation.Softmin": 0.0017895789999897715, "torch.nn.modules.dropout.Dropout3d": 0.0008746149999865338, "torch.nn.modules.activation.SELU": 0.0005600519999688913, "torch.nn.modules.activation.RReLU": 0.00041793500002995643, "torch.nn.modules.activation.Hardtanh": 0.00031687899996768465, "torch.nn.modules.dropout.AlphaDropout": 0.0002601410000124815, "torch.nn.modules.activation.LogSigmoid": 0.00039332099999001, "torch.nn.modules.linear.Identity": 0.00011378099998182734, "torch.nn.modules.activation.CELU": 0.00018924300002254313, "torch.nn.modules.activation.ReLU6": 0.00016885600001614876, "torch.nn.modules.activation.GELU": 0.00016697699999213, "torch.nn.modules.activation.Softshrink": 0.00024195400004600742, "torch.nn.modules.activation.Tanh": 0.0002148369999872557, "torch.nn.modules.activation.Softmax": 0.0002914449999593671, "torch.nn.modules.activation.Hardshrink": 0.00022790099995972923, "torch.nn.modules.activation.Tanhshrink": 0.0002992469999867353, "torch.nn.modules.activation.PReLU": 0.00021643999997422725, "torch.nn.modules.activation.Softplus": 0.00017141900002570765, "torch.nn.modules.activation.ELU": 0.0001715779999926781, "torch.nn.modules.dropout.Dropout2d": 0.0001068739999823265, "torch.nn.modules.activation.LogSoftmax": 0.00035784099998181773}, {"torch.nn.modules.activation.Softshrink": 0.0003014170000028571, "torch.nn.modules.activation.Tanh": 0.00018143300002293472, "torch.nn.modules.activation.Softplus": 0.00016175299998621995, "torch.nn.modules.activation.Sigmoid": 0.00014192899999443398, "torch.nn.modules.activation.Hardshrink": 0.00014877799998203045, "torch.nn.modules.activation.LogSigmoid": 0.00014624599998569465, "torch.nn.modules.activation.ELU": 0.00016976800003476455, "torch.nn.modules.activation.ReLU6": 0.00018967400001201895, "torch.nn.modules.activation.Softmin": 0.00024124699996264098, "torch.nn.modules.dropout.Dropout3d": 0.00010683300001801399, "torch.nn.modules.activation.Softsign": 0.0002721249999808606, "torch.nn.modules.dropout.Dropout": 0.0001264180000362103, "torch.nn.modules.activation.Hardtanh": 0.00022853400002986746, "torch.nn.modules.dropout.AlphaDropout": 0.00010452700001906123, "torch.nn.modules.activation.Tanhshrink": 0.00020550200002844576, "torch.nn.modules.linear.Identity": 8.567300000095202e-05, "torch.nn.modules.activation.Softmax": 0.00017269699998223587, "torch.nn.modules.activation.RReLU": 0.00017405700003791935, "torch.nn.modules.activation.LogSoftmax": 0.00024202899999181682, "torch.nn.modules.activation.LeakyReLU": 0.00015411300000778283, "torch.nn.modules.activation.CELU": 0.00015007400003241855, "torch.nn.modules.activation.SELU": 0.0001599759999635353, "torch.nn.modules.activation.PReLU": 0.00016499099996281075, "torch.nn.modules.activation.ReLU": 0.00014928599995300829, "torch.nn.modules.activation.GELU": 0.00021042800000259376, "torch.nn.modules.dropout.Dropout2d": 0.00010650799998757066}, {"torch.nn.modules.activation.CELU": 0.00023328000003175475, "torch.nn.modules.activation.Sigmoid": 0.00022021199998789598, "torch.nn.modules.activation.ReLU": 0.00015060499998753585, "torch.nn.modules.activation.ELU": 0.0001496410000072501, "torch.nn.modules.activation.RReLU": 0.0001711289999661858, "torch.nn.modules.activation.Softsign": 0.000519972000006419, "torch.nn.modules.dropout.Dropout2d": 0.00011353400003599745, "torch.nn.modules.activation.Hardtanh": 0.00015813600003866668, "torch.nn.modules.activation.Softmax": 0.00017978400001084083, "torch.nn.modules.activation.Tanh": 0.00014884799998071685, "torch.nn.modules.activation.LogSoftmax": 0.0001681349999671511, "torch.nn.modules.dropout.Dropout": 0.00017303399999946123, "torch.nn.modules.activation.Tanhshrink": 0.0002091660000473894, "torch.nn.modules.activation.Softplus": 0.00015034799997692971, "torch.nn.modules.activation.Hardshrink": 0.00017772000001059496, "torch.nn.modules.activation.LeakyReLU": 0.00014567499999884603, "torch.nn.modules.activation.Softmin": 0.00029782000001432607, "torch.nn.modules.linear.Identity": 9.303199999521894e-05, "torch.nn.modules.dropout.AlphaDropout": 9.762200005525301e-05, "torch.nn.modules.activation.Softshrink": 0.00014082199999165823, "torch.nn.modules.activation.PReLU": 0.0001611000000139029, "torch.nn.modules.activation.SELU": 0.00017374899999822446, "torch.nn.modules.activation.ReLU6": 0.0001543129999959092, "torch.nn.modules.activation.GELU": 0.00020199300001877418, "torch.nn.modules.activation.LogSigmoid": 0.0001646199999640885, "torch.nn.modules.dropout.Dropout3d": 0.00010248500001353023}], "device": "cuda", "test_chunk_size": 100, "runs": 3, "outprefix": "dc_gpu", "parameters": {"test_size_cap": 100000, "track_impact": false, "train_epochs": 2000, "runs": 3, "device": "cuda", "outprefix": "dc_gpu", "scale": 2}, "hardware_name": "Tesla P100-PCIE-16GB", "started_at": "Mon Jun  8 14:38:43 2020 UTC"}