{"train_epochs": 2000, "pred_items": 1, "train_times": {}, "pred_times": [{"torch.nn.modules.activation.LogSoftmax": 0.0051593299999996844, "torch.nn.modules.activation.Tanhshrink": 0.0133532289999998, "torch.nn.modules.dropout.Dropout3d": 0.014139957999999453, "torch.nn.modules.activation.RReLU": 0.01430932900000137, "torch.nn.modules.activation.Softplus": 0.012207464999999473, "torch.nn.modules.activation.SELU": 0.011188540000000913, "torch.nn.modules.activation.ReLU6": 0.012031550999999752, "torch.nn.modules.activation.Hardtanh": 0.008323654999999874, "torch.nn.modules.activation.GELU": 0.00364682899999913, "torch.nn.modules.activation.Softshrink": 0.003788875000001468, "torch.nn.modules.activation.LeakyReLU": 0.001388901000000331, "torch.nn.modules.activation.ReLU": 0.0020828240000003717, "torch.nn.modules.activation.Softsign": 0.008573583999998746, "torch.nn.modules.activation.Sigmoid": 0.00507323399999926, "torch.nn.modules.activation.PReLU": 0.006551140000000899, "torch.nn.modules.activation.Softmin": 0.005381272000001047, "torch.nn.modules.activation.ELU": 0.009378272000001076, "torch.nn.modules.activation.Hardshrink": 0.011355989000000122, "torch.nn.modules.dropout.Dropout": 0.010422943000000018, "torch.nn.modules.activation.CELU": 0.001227832999999734, "torch.nn.modules.linear.Identity": 0.0004200100000009144, "torch.nn.modules.activation.Softmax": 0.0005008869999993948, "torch.nn.modules.dropout.AlphaDropout": 0.0011870309999988393, "torch.nn.modules.activation.LogSigmoid": 0.0016835640000003593, "torch.nn.modules.activation.Tanh": 0.0025010359999999565, "torch.nn.modules.dropout.Dropout2d": 0.0057721439999998125}, {"torch.nn.modules.linear.Identity": 0.004439289999998763, "torch.nn.modules.activation.Tanhshrink": 0.0007161499999988052, "torch.nn.modules.activation.LeakyReLU": 0.005795371999999688, "torch.nn.modules.dropout.AlphaDropout": 0.010738966999999988, "torch.nn.modules.activation.GELU": 0.0016400589999996384, "torch.nn.modules.activation.RReLU": 0.005603784999999917, "torch.nn.modules.activation.LogSigmoid": 0.0016438270000005417, "torch.nn.modules.activation.Sigmoid": 0.004610351000000179, "torch.nn.modules.activation.ReLU6": 0.0024288440000006517, "torch.nn.modules.dropout.Dropout3d": 0.002585361000001285, "torch.nn.modules.activation.CELU": 0.0021638699999986244, "torch.nn.modules.activation.Softplus": 0.001863567999999205, "torch.nn.modules.activation.LogSoftmax": 0.0021290050000004612, "torch.nn.modules.activation.ELU": 0.008795228000000321, "torch.nn.modules.activation.Hardtanh": 0.0009536389999986739, "torch.nn.modules.dropout.Dropout2d": 0.001091406000000461, "torch.nn.modules.activation.Softmin": 0.004778587999998862, "torch.nn.modules.activation.Softshrink": 0.0011415909999996643, "torch.nn.modules.activation.SELU": 0.0012519879999999262, "torch.nn.modules.activation.Softmax": 0.0046135710000001495, "torch.nn.modules.activation.Softsign": 0.0007352120000003737, "torch.nn.modules.activation.Hardshrink": 0.0006448670000001044, "torch.nn.modules.activation.Tanh": 0.0006905809999988577, "torch.nn.modules.activation.ReLU": 0.00045632199999978695, "torch.nn.modules.activation.PReLU": 0.0004730659999996334, "torch.nn.modules.dropout.Dropout": 0.0006638710000004266}, {"torch.nn.modules.activation.Softmin": 0.0009116430000002396, "torch.nn.modules.activation.ReLU": 0.0007995259999997728, "torch.nn.modules.activation.Softshrink": 0.0004131329999985667, "torch.nn.modules.activation.Sigmoid": 0.0003583890000005141, "torch.nn.modules.activation.LeakyReLU": 0.0003499389999994662, "torch.nn.modules.activation.LogSigmoid": 0.0004018800000000766, "torch.nn.modules.activation.PReLU": 0.00033450300000126276, "torch.nn.modules.dropout.Dropout3d": 0.0005267759999991739, "torch.nn.modules.activation.ELU": 0.000978928000000323, "torch.nn.modules.activation.RReLU": 0.0014354660000002184, "torch.nn.modules.activation.LogSoftmax": 0.0008697189999988808, "torch.nn.modules.activation.Softsign": 0.0008889469999999733, "torch.nn.modules.dropout.AlphaDropout": 0.0008001499999998885, "torch.nn.modules.activation.Tanh": 0.005624566000001607, "torch.nn.modules.dropout.Dropout2d": 0.002171831999998375, "torch.nn.modules.dropout.Dropout": 0.00038257499999971856, "torch.nn.modules.activation.Hardshrink": 0.006866302000000601, "torch.nn.modules.activation.Tanhshrink": 0.0008860500000000826, "torch.nn.modules.activation.Softplus": 0.000904440999999423, "torch.nn.modules.activation.SELU": 0.005877861000000095, "torch.nn.modules.activation.ReLU6": 0.0064400500000001415, "torch.nn.modules.activation.GELU": 0.001203301000000323, "torch.nn.modules.activation.Hardtanh": 0.0007830310000009888, "torch.nn.modules.linear.Identity": 0.0006550870000001652, "torch.nn.modules.activation.CELU": 0.0008228389999995755, "torch.nn.modules.activation.Softmax": 0.0006673490000004278}], "device": "cpu", "test_chunk_size": 1, "runs": 3, "outprefix": "mac", "parameters": {"scale": 0, "outprefix": "mac", "device": "cpu", "runs": 3, "train_epochs": 2000, "track_impact": false, "test_size_cap": 100000}, "hardware_name": "Intel(R) Core(TM) i5-7360U CPU @ 2.30GHz", "started_at": "Mon Jun  8 16:52:15 2020 CEST"}