{"train_epochs": 2000, "pred_items": 10000, "train_times": {}, "pred_times": [{"torch.nn.modules.activation.Softsign": 0.7271061080000001, "torch.nn.modules.activation.PReLU": 0.37318776799999975, "torch.nn.modules.activation.LeakyReLU": 0.2688796, "torch.nn.modules.activation.Softmin": 0.3310283279999995, "torch.nn.modules.dropout.Dropout3d": 0.254806662, "torch.nn.modules.activation.LogSoftmax": 0.3262856429999994, "torch.nn.modules.activation.Tanhshrink": 0.5130327880000003, "torch.nn.modules.activation.Hardtanh": 0.26303581200000004, "torch.nn.modules.activation.LogSigmoid": 0.4919446729999999, "torch.nn.modules.activation.ELU": 0.30125060000000037, "torch.nn.modules.activation.CELU": 0.2890675690000002, "torch.nn.modules.dropout.AlphaDropout": 0.18766500799999974, "torch.nn.modules.activation.ReLU6": 0.23070672199999986, "torch.nn.modules.activation.Softplus": 0.48878458999999985, "torch.nn.modules.activation.Softmax": 0.32743052000000006, "torch.nn.modules.activation.SELU": 0.33274542100000026, "torch.nn.modules.activation.Softshrink": 0.2694639910000003, "torch.nn.modules.dropout.Dropout2d": 0.23984171400000065, "torch.nn.modules.activation.Tanh": 0.49964186799999943, "torch.nn.modules.dropout.Dropout": 0.24319690799999982, "torch.nn.modules.activation.RReLU": 0.28077822100000027, "torch.nn.modules.activation.Hardshrink": 0.27806356500000007, "torch.nn.modules.linear.Identity": 0.24416562400000075, "torch.nn.modules.activation.Sigmoid": 0.34583896499999867, "torch.nn.modules.activation.GELU": 0.3219384699999992, "torch.nn.modules.activation.ReLU": 0.3385658379999992}, {"torch.nn.modules.activation.ELU": 0.4192092040000013, "torch.nn.modules.activation.Hardshrink": 0.2603314189999999, "torch.nn.modules.dropout.Dropout3d": 0.2347739630000003, "torch.nn.modules.activation.PReLU": 0.28645711599999935, "torch.nn.modules.dropout.Dropout": 0.2912482039999986, "torch.nn.modules.activation.Softmin": 0.5653223739999991, "torch.nn.modules.activation.Softsign": 0.4771893459999994, "torch.nn.modules.activation.Softshrink": 0.23187919899999976, "torch.nn.modules.activation.Softmax": 0.29484026699999966, "torch.nn.modules.activation.LogSoftmax": 0.282351276, "torch.nn.modules.dropout.AlphaDropout": 0.19744030799999912, "torch.nn.modules.activation.ReLU": 0.20792515700000003, "torch.nn.modules.dropout.Dropout2d": 0.20172604900000124, "torch.nn.modules.activation.Sigmoid": 0.2697207059999993, "torch.nn.modules.activation.RReLU": 0.2306829429999997, "torch.nn.modules.activation.SELU": 0.31425100999999955, "torch.nn.modules.activation.GELU": 0.2808851560000001, "torch.nn.modules.activation.CELU": 0.34221404200000194, "torch.nn.modules.activation.Softplus": 0.43822083899999953, "torch.nn.modules.activation.LeakyReLU": 0.36293000599999914, "torch.nn.modules.activation.ReLU6": 0.322415663000001, "torch.nn.modules.activation.Tanhshrink": 0.4658028250000008, "torch.nn.modules.activation.Tanh": 0.46897811900000264, "torch.nn.modules.activation.Hardtanh": 0.26525474299999985, "torch.nn.modules.linear.Identity": 0.2430107630000009, "torch.nn.modules.activation.LogSigmoid": 0.5046018559999972}, {"torch.nn.modules.activation.CELU": 0.3678492129999995, "torch.nn.modules.dropout.Dropout3d": 0.2072818699999992, "torch.nn.modules.activation.Softmin": 0.3113868239999995, "torch.nn.modules.activation.LogSigmoid": 0.5273766120000012, "torch.nn.modules.activation.Sigmoid": 0.308388493999999, "torch.nn.modules.activation.Tanhshrink": 0.4444283879999986, "torch.nn.modules.activation.Softsign": 0.43035875499999676, "torch.nn.modules.activation.ELU": 0.303722920000002, "torch.nn.modules.dropout.AlphaDropout": 0.1936398429999997, "torch.nn.modules.activation.ReLU6": 0.23629065000000082, "torch.nn.modules.activation.LogSoftmax": 0.38993820600000006, "torch.nn.modules.activation.PReLU": 0.2409592829999987, "torch.nn.modules.activation.Tanh": 0.39725992600000026, "torch.nn.modules.activation.LeakyReLU": 0.23709742600000183, "torch.nn.modules.activation.ReLU": 0.3379945989999982, "torch.nn.modules.linear.Identity": 0.19969835300000227, "torch.nn.modules.dropout.Dropout": 0.19649793099999968, "torch.nn.modules.activation.Hardtanh": 0.24295359099999914, "torch.nn.modules.activation.RReLU": 0.24264384900000024, "torch.nn.modules.activation.Hardshrink": 0.23401863100000142, "torch.nn.modules.activation.Softmax": 0.3025735740000002, "torch.nn.modules.activation.Softplus": 0.4402665050000003, "torch.nn.modules.activation.GELU": 0.26475280900000087, "torch.nn.modules.activation.SELU": 0.3026198859999987, "torch.nn.modules.dropout.Dropout2d": 0.2005318750000029, "torch.nn.modules.activation.Softshrink": 0.23565446100000287}], "device": "cpu", "test_chunk_size": 10000, "runs": 3, "outprefix": "mac", "parameters": {"scale": 4, "outprefix": "mac", "device": "cpu", "runs": 3, "train_epochs": 2000, "track_impact": false, "test_size_cap": 100000}, "hardware_name": "Intel(R) Core(TM) i5-7360U CPU @ 2.30GHz", "started_at": "Mon Jun  8 16:53:02 2020 CEST"}